Workbook

Sheet Weekly Database
D1: Copy all of the rows and columns of the final database.csv, except the data in the first column (week_starting_date) and paste it into this spreadsheet in cell D2
A2: week_starting_date | B2: year | C2: quarter | D2: Column1 | E2: Column2 | F2: Column3 | G2: Column4 | H2: Column5 | I2: Column6 | J2: Column7 | K2: Column8 | L2: Column9 | M2: Column10 | N2: Column11 | O2: Column12 | P2: Column13 | Q2: Column14 | R2: Column15 | S2: Column16 | T2: Column17 | U2: Column18 | V2: Column19 | W2: Column20 | X2: Column21 | Y2: Column22 | Z2: Column23 | AA2: Column24 | AB2: Column25 | AC2: Column26 | AD2: Column27 | AE2: Column28 | AF2: Column29 | AG2: Column30 | AH2: Column31 | AI2: Column32 | AJ2: Column33 | AK2: Column34 | AL2: Column35 | AM2: Column36 | AN2: Column37 | AO2: Column38 | AP2: Column39 | AQ2: Column40 | AR2: Column41 | AS2: Column42 | AT2: Column43 | AU2: Column44 | AV2: Column45 | AW2: Column46 | AX2: Column47 | AY2: Column48 | AZ2: Column49
A3: 43472 | B3: 2019 | C3: Q1
A4: 43479 | B4: 2019 | C4: Q1
A5: 43486 | B5: 2019 | C5: Q1
A6: 43493 | B6: 2019 | C6: Q1
A7: 43500 | B7: 2019 | C7: Q1
A8: 43507 | B8: 2019 | C8: Q1
A9: 43514 | B9: 2019 | C9: Q1
A10: 43521 | B10: 2019 | C10: Q1
A11: 43528 | B11: 2019 | C11: Q1
A12: 43535 | B12: 2019 | C12: Q1
A13: 43542 | B13: 2019 | C13: Q1
A14: 43549 | B14: 2019 | C14: Q1
... A106: 44193 | B106: 2020 | C106: Q4

Sheet Variables List
A1: Variable | B1: Definition
A2: sales | B2: Total sales of Hope St. Cosmetics
A3: market_sales | B3: Total luxury beauty industry sales trend
A4: covid_trend | B4: Covid-19 mobility - Change in retail & recreation from baseline trend
A5: mothersday_dummy | B5: Dummy variable with 1 for the week of Mother's Day
A6: blackfriday_dummy | B6: Dummy variable with 1 for the week of Black Friday
A7: vday_dummy | B7: Dummy variable with 1 for the week of Valentine's Day
A8: xmas_dummy | B8: Dummy variable with 1 for the week of Christmas
A9: bing_brand_search_clicks | B9: Bing search engine brand search clicks
A10: bing_brand_search_spend | B10: Bing search engine brand search spend
A11: google_brand_search_clicks | B11: Google search engine brand search clicks
A12: google_brand_search_imp | B12: Google search engine brand search impressions
... A50: samples_quantity_distributed | B50: Sample units distributed

Sheet Validation Tables
A2: week_starting_date | B2: year | C2: quarter | D2: sales | E2: =G2 -> xmas_dummy | F2: Variable: | G2: xmas_dummy | S2: Comparison Quarter: | T2: 2
A3: 43472 | B3: 2019 | C3: Q1 | D3: =Table1[[#This Row],[Column1]] -> 0 | E3: {=OFFSET(Table1[week_starting_date],,MATCH($G$2,Table1[[#Headers],[year]:[Column49]], 0))} -> #N/A
A4: 43479 | B4: 2019 | C4: Q1 | D4: =Table1[[#This Row],[Column1]] -> 0 | G4: YEARLY TOTALS | M4: QUARTERLY TOTALS | S4: QUARTER OVER QUARTER % Diff
A5: 43486 | B5: 2019 | C5: Q1 | D5: =Table1[[#This Row],[Column1]] -> 0 | G5: Year | I5: =G2 -> xmas_dummy | M5: Year | N5: Quarter | P5: =G2 -> xmas_dummy | S5: Year | T5: Quarter | V5: =G2 -> xmas_dummy
A6: 43493 | B6: 2019 | C6: Q1 | D6: =Table1[[#This Row],[Column1]] -> 0 | G6: {=_xlfn.UNIQUE('Weekly Database'!B3:B106)} -> 2019 | I6: =SUMIFS('Validation Tables'!E:E, 'Validation Tables'!B:B, 'Validation Tables'!G6) -> #N/A | M6: {=_xlfn.UNIQUE('Weekly Database'!B3:$C$106)} -> 2019 | N6: Q1 | P6: =SUMIFS('Validation Tables'!E:E, 'Validation Tables'!B:B, 'Validation Tables'!M6, 'Validation Tables'!C:C, 'Validation Tables'!N6) -> #N/A | S6: 2020 | T6: ="Q"&$T$2 -> Q2 | V6: =IFERROR(SUMIFS($P$6:$P$13, $M$6:$M$13, $S6, $N$6:$N$13, $T6)/SUMIFS($P$6:$P$13, $M$6:$M$13, $S6-1, $N$6:$N$13, $T6)-1, "")
A7: 43500 | B7: 2019 | C7: Q1 | D7: =Table1[[#This Row],[Column1]] -> 0 | G7: 2020 | I7: =SUMIFS('Validation Tables'!E:E, 'Validation Tables'!B:B, 'Validation Tables'!G7) -> 0 | M7: 2019 | N7: Q2 | P7: =SUMIFS('Validation Tables'!E:E, 'Validation Tables'!B:B, 'Validation Tables'!M7, 'Validation Tables'!C:C, 'Validation Tables'!N7) -> 0
A8: 43507 | B8: 2019 | C8: Q1 | D8: =Table1[[#This Row],[Column1]] -> 0 | M8: 2019 | N8: Q3 | P8: =SUMIFS('Validation Tables'!E:E, 'Validation Tables'!B:B, 'Validation Tables'!M8, 'Validation Tables'!C:C, 'Validation Tables'!N8) -> 0
A9: 43514 | B9: 2019 | C9: Q1 | D9: =Table1[[#This Row],[Column1]] -> 0 | M9: 2019 | N9: Q4 | P9: =SUMIFS('Validation Tables'!E:E, 'Validation Tables'!B:B, 'Validation Tables'!M9, 'Validation Tables'!C:C, 'Validation Tables'!N9) -> 0
A10: 43521 | B10: 2019 | C10: Q1 | D10: =Table1[[#This Row],[Column1]] -> 0 | G10: YEAR OVER YEAR % Diff | M10: 2020 | N10: Q1 | P10: =SUMIFS('Validation Tables'!E:E, 'Validation Tables'!B:B, 'Validation Tables'!M10, 'Validation Tables'!C:C, 'Validation Tables'!N10) -> 0
A11: 43528 | B11: 2019 | C11: Q1 | D11: =Table1[[#This Row],[Column1]] -> 0 | G11: 2019 --> 2020 | I11: =I7/I6-1 -> #N/A | M11: 2020 | N11: Q2 | P11: =SUMIFS('Validation Tables'!E:E, 'Validation Tables'!B:B, 'Validation Tables'!M11, 'Validation Tables'!C:C, 'Validation Tables'!N11) -> 0
A12: 43535 | B12: 2019 | C12: Q1 | D12: =Table1[[#This Row],[Column1]] -> 0 | M12: 2020 | N12: Q3 | P12: =SUMIFS('Validation Tables'!E:E, 'Validation Tables'!B:B, 'Validation Tables'!M12, 'Validation Tables'!C:C, 'Validation Tables'!N12) -> 0
A13: 43542 | B13: 2019 | C13: Q1 | D13: =Table1[[#This Row],[Column1]] -> 0 | M13: 2020 | N13: Q4 | P13: =SUMIFS('Validation Tables'!E:E, 'Validation Tables'!B:B, 'Validation Tables'!M13, 'Validation Tables'!C:C, 'Validation Tables'!N13) -> 0
A14: 43549 | B14: 2019 | C14: Q1 | D14: =Table1[[#This Row],[Column1]] -> 0
A15: 43556 | B15: 2019 | C15: Q2 | D15: =Table1[[#This Row],[Column1]] -> 0
A16: 43563 | B16: 2019 | C16: Q2 | D16: =Table1[[#This Row],[Column1]] -> 0
A17: 43570 | B17: 2019 | C17: Q2 | D17: =Table1[[#This Row],[Column1]] -> 0
A18: 43577 | B18: 2019 | C18: Q2 | D18: =Table1[[#This Row],[Column1]] -> 0
A19: 43584 | B19: 2019 | C19: Q2 | D19: =Table1[[#This Row],[Column1]] -> 0
A20: 43591 | B20: 2019 | C20: Q2 | D20: =Table1[[#This Row],[Column1]] -> 0
A21: 43598 | B21: 2019 | C21: Q2 | D21: =Table1[[#This Row],[Column1]] -> 0
A22: 43605 | B22: 2019 | C22: Q2 | D22: =Table1[[#This Row],[Column1]] -> 0
A23: 43612 | B23: 2019 | C23: Q2 | D23: =Table1[[#This Row],[Column1]] -> 0
A24: 43619 | B24: 2019 | C24: Q2 | D24: =Table1[[#This Row],[Column1]] -> 0
A25: 43626 | B25: 2019 | C25: Q2 | D25: =Table1[[#This Row],[Column1]] -> 0
... A106: 44193 | B106: 2020 | C106: Q4 | D106: =Table1[[#This Row],[Column1]] -> 0
