Workbook

Sheet Setup
B6: {=INDEX(C9:C27,B7)} -> All
B7: 1
C8: Levels | E8: =COUNT(F:F) -> 104 | F8: Full Dates | H8: Timeframes | I8: Start | J8: End
C9: All | E9: Q1 2019 | F9: 43472 | H9: =OFFSET($H$15,K9-1,0) -> 2020 | I9: =OFFSET($I$15,K9-1,0) -> 43836 | J9: =OFFSET($J$15,K9-1,0) -> 44193 | K9: 3
E10: Q1 2019 | F10: 43479 | H10: =OFFSET($H$15,K10-1,0) -> Post-Covid | I10: =OFFSET($I$15,K10-1,0) -> 44046 | J10: =OFFSET($J$15,K10-1,0) -> 44193 | K10: 6
E11: Q1 2019 | F11: 43486 | H11: =OFFSET($H$15,K11-1,0) -> OFF | I11: =OFFSET($I$15,K11-1,0) -> 0 | J11: =OFFSET($J$15,K11-1,0) -> 0 | K11: 1
E12: Q1 2019 | F12: 43493 | H12: =OFFSET($H$15,K12-1,0) -> 0 | I12: =OFFSET($I$15,K12-1,0) -> 0 | J12: =OFFSET($J$15,K12-1,0) -> 0
E13: Q1 2019 | F13: 43500
E14: Q1 2019 | F14: 43507
E15: Q1 2019 | F15: 43514 | H15: OFF
E16: Q1 2019 | F16: 43521 | H16: 2019 | I16: 43472 | J16: 43829
E17: Q1 2019 | F17: 43528 | H17: 2020 | I17: 43836 | J17: 44193
E18: Q1 2019 | F18: 43535 | H18: Covid | I18: 43906 | J18: 44039
E19: Q1 2019 | F19: 43542 | H19: Pre-Covid | I19: 43472 | J19: 43899
E20: Q1 2019 | F20: 43549 | H20: Post-Covid | I20: 44046 | J20: 44193
E21: Q1 2019 | F21: 43556
E22: Q2 2019 | F22: 43563
E23: Q2 2019 | F23: 43570
E24: Q2 2019 | F24: 43577
E25: Q2 2019 | F25: 43584
E26: Q2 2019 | F26: 43591
E27: Q2 2019 | F27: 43598
E28: Q2 2019 | F28: 43605
E29: Q2 2019 | F29: 43612 | I29: Insert cells above to extend
E30: Q2 2019 | F30: 43619
E31: Q2 2019 | F31: 43626
E32: Q2 2019 | F32: 43633
E33: Q2 2019 | F33: 43640
E34: Q2 2019 | F34: 43647
E35: Q3 2019 | F35: 43654
E36: Q3 2019 | F36: 43661
E37: Q3 2019 | F37: 43668
E38: Q3 2019 | F38: 43675
E39: Q3 2019 | F39: 43682
E40: Q3 2019 | F40: 43689
E41: Q3 2019 | F41: 43696
... E112: Q4 2020 | F112: 44193

Sheet Spend Data
G2: 124626
B3: ='Summary Data'!L3 -> 3 | C3: =COUNTA(12:12) -> 25 | D3: =COUNTA(H:H) -> 112 | E3: =Setup!B6 -> All | I3: =COLUMN()-COLUMN(A12) -> 8
H4: col | I4: {=_xlfn.SEQUENCE(1,C3,I3)} -> 8 | J4: 9 | K4: 10 | L4: 11 | M4: 12 | N4: 13 | O4: 14 | P4: 15 | Q4: 16 | R4: 17 | S4: 18 | T4: 19 | U4: 20 | V4: 21 | W4: 22 | X4: 23 | Y4: 24 | Z4: 25 | AA4: 26 | AB4: 27 | AC4: 28 | AD4: 29 | AE4: 30 | AF4: 31 | AG4: 32
B5: =Setup!I9 -> 43836 | C5: =Setup!I10 -> 44046 | D5: =Setup!I11 -> 0 | E5: =Setup!I12 -> 0 | G5: =SUM(_xlfn.ANCHORARRAY(I5)) -> 14744559 | H5: Period 1 | I5: {=SUMIFS(OFFSET(_xlfn.ANCHORARRAY($A$13),0,_xlfn.ANCHORARRAY(I4)),_xlfn.ANCHORARRAY($B$13),">0")} -> 832900.22 | J5: 582657.86 | K5: 1254086.9 | L5: 529716.02 | M5: 168535.15 | N5: 10593.53 | O5: 837914.65 | P5: 0 | Q5: 47981.862 | R5: 169611.57 | S5: 1901742.9 | T5: 107343.93 | U5: 97146.594 | V5: 124626 | W5: 1957070.2 | X5: 1360397.9 | Y5: 2883964.3 | Z5: 1773269.3 | AA5: 105000 | AB5: 0 | AC5: 0 | AD5: 0 | AE5: 0 | AF5: 0 | AG5: 0
B6: =Setup!J9 -> 44193 | C6: =Setup!J10 -> 44193 | D6: =Setup!J11 -> 0 | E6: =Setup!J12 -> 0 | G6: =SUM(_xlfn.ANCHORARRAY(I6)) -> 10036054 | H6: Period 2 | I6: {=SUMIFS(OFFSET(_xlfn.ANCHORARRAY(A13),0,_xlfn.ANCHORARRAY(I4)),_xlfn.ANCHORARRAY(C13),">0")} -> 663704.46 | J6: 464296.45 | K6: 1043922.8 | L6: 305692.7 | M6: 103567.84 | N6: 0 | O6: 790389.56 | P6: 0 | Q6: 29478.214 | R6: 39247.045 | S6: 550304.35 | T6: 107343.93 | U6: 91189.771 | V6: 124626 | W6: 1168467.3 | X6: 1360397.9 | Y6: 2036954.2 | Z6: 1051471 | AA6: 105000 | AB6: 0 | AC6: 0 | AD6: 0 | AE6: 0 | AF6: 0 | AG6: 0
B7: =SMALL(OFFSET($B$12,1,0,$D$3,1),1) -> 53 | C7: =SMALL(OFFSET($C$12,1,0,$D$3,1),1) -> 83 | D7: =SMALL(OFFSET($D$12,1,0,$D$3,1),1) -> #NUM! | E7: =SMALL(OFFSET($E$12,1,0,$D$3,1),1) -> #NUM! | G7: =SUM(_xlfn.ANCHORARRAY(I7)) -> 0 | H7: Period 3 | I7: {=SUMIFS(OFFSET(_xlfn.ANCHORARRAY(A13),0,_xlfn.ANCHORARRAY(I4)),_xlfn.ANCHORARRAY(D13),">0")} -> 0 | J7: 0 | K7: 0 | L7: 0 | M7: 0 | N7: 0 | O7: 0 | P7: 0 | Q7: 0 | R7: 0 | S7: 0 | T7: 0 | U7: 0 | V7: 0 | W7: 0 | X7: 0 | Y7: 0 | Z7: 0 | AA7: 0 | AB7: 0 | AC7: 0 | AD7: 0 | AE7: 0 | AF7: 0 | AG7: 0
B8: =LARGE(OFFSET($B$12,1,0,$D$3,1),1)-B7+1 -> 52 | C8: =LARGE(OFFSET($C$12,1,0,$D$3,1),1)-C7+1 -> 22 | D8: =LARGE(OFFSET($D$12,1,0,$D$3,1),1)-D7+1 -> #NUM! | E8: =LARGE(OFFSET($E$12,1,0,$D$3,1),1)-E7+1 -> #NUM! | G8: =SUM(_xlfn.ANCHORARRAY(I8)) -> 0 | H8: Period 4 | I8: {=SUMIFS(OFFSET(_xlfn.ANCHORARRAY(A13),0,_xlfn.ANCHORARRAY(I4)),_xlfn.ANCHORARRAY(E13),">0")} -> 0 | J8: 0 | K8: 0 | L8: 0 | M8: 0 | N8: 0 | O8: 0 | P8: 0 | Q8: 0 | R8: 0 | S8: 0 | T8: 0 | U8: 0 | V8: 0 | W8: 0 | X8: 0 | Y8: 0 | Z8: 0 | AA8: 0 | AB8: 0 | AC8: 0 | AD8: 0 | AE8: 0 | AF8: 0 | AG8: 0
H9: ="dict["&H10&"]" -> dict[Group 3] | I9: bing_brand_search_spend | J9: google_brand_search_spend | K9: google_display_spend | L9: google_nonbrand_search_spend | M9: google_video_spend | N9: nongoogle_display_spend | O9: nongoogle_video_spend | P9: pinterest_awareness_spend | Q9: pinterest_conversion_spend | R9: print_coop_spend | S9: print_pure_spend | T9: snap_awareness_spend | U9: snap_conversion_spend | V9: tiktok_awareness_spend | W9: tv_coop_spend | X9: tv_pure_spend | Y9: youtube_video_spend | Z9: fbig_spend | AA9: outdoor_spend
G10: from Summary Data | H10: ='Summary Data'!B7 -> Group 3 | I10: {=INDEX(INDIRECT($H$9),MATCH(OFFSET($I$12,0,0,1,$C$3),dict[Group 1],0))} -> Digital Media | J10: Digital Media | K10: Digital Media | L10: Digital Media | M10: Digital Media | N10: Digital Media | O10: Digital Media | P10: Digital Media | Q10: Digital Media | R10: Traditional Media | S10: Traditional Media | T10: Digital Media | U10: Digital Media | V10: Digital Media | W10: Traditional Media | X10: Traditional Media | Y10: Digital Media | Z10: Digital Media | AA10: Traditional Media | AB10: #N/A | AC10: #N/A | AD10: #N/A | AE10: #N/A | AF10: #N/A | AG10: #N/A
I11: Group 1
B12: Period 1 | C12: Period 2 | D12: Period 3 | E12: Period 4 | G12: Level | H12: Date | I12: Search - Brand | J12: Search - Brand | K12: Display | L12: Search - Non-Brand | M12: Online Video | N12: Display | O12: Online Video | P12: Pinterest | Q12: Pinterest | R12: Print - Coop | S12: Print - Pure | T12: Snapchat | U12: Snapchat | V12: TikTok | W12: TV - Coop | X12: TV - Pure | Y12: Online Video | Z12: Facebook Instagram | AA12: Outdoor
A13: {=_xlfn.SEQUENCE(D3)} -> 1 | B13: {=IF((1-ISERROR(SEARCH($E$3,OFFSET($G$12,1,0,$D$3,1))))*(OFFSET($H$12,1,0,$D$3,1)>=B5)*(OFFSET($H$12,1,0,$D$3)<=B6),_xlfn.ANCHORARRAY($A$13),"")} | C13: {=IF((1-ISERROR(SEARCH($E$3,OFFSET($G$12,1,0,$D$3,1))))*(OFFSET($H$12,1,0,$D$3,1)>=C5)*(OFFSET($H$12,1,0,$D$3)<=C6),_xlfn.ANCHORARRAY($A$13),"")} | D13: {=IF((1-ISERROR(SEARCH($E$3,OFFSET($G$12,1,0,$D$3,1))))*(OFFSET($H$12,1,0,$D$3,1)>=D5)*(OFFSET($H$12,1,0,$D$3)<=D6),_xlfn.ANCHORARRAY($A$13),"")} | E13: {=IF((1-ISERROR(SEARCH($E$3,OFFSET($G$12,1,0,$D$3,1))))*(OFFSET($H$12,1,0,$D$3,1)>=E5)*(OFFSET($H$12,1,0,$D$3)<=E6),_xlfn.ANCHORARRAY($A$13),"")} | G13: All | H13: =Setup!F9 -> 43472 | I13: 8535.213 | J13: 5970.834 | K13: 385.81377 | L13: 19863.905 | M13: 1587.0688 | N13: 0 | O13: 0 | P13: 0 | Q13: 0 | R13: 291.8426 | S13: 68696.88 | T13: 0 | U13: 0 | V13: 0 | W13: 0 | X13: 0 | Y13: 6008.7616 | Z13: 0 | AA13: 0
A14: 2 | G14: All | H14: =Setup!F10 -> 43479 | I14: 7213.1737 | J14: 5045.9974 | K14: 193.1763 | L14: 17575.176 | M14: 1892.74 | N14: 0 | O14: 0 | P14: 0 | Q14: 0 | R14: 291.84229 | S14: 128080.38 | T14: 0 | U14: 0 | V14: 0 | W14: 0 | X14: 0 | Y14: 4042.4816 | Z14: 0 | AA14: 0
A15: 3 | G15: All | H15: =Setup!F11 -> 43486 | I15: 7174.7345 | J15: 5019.1072 | K15: 459.46324 | L15: 12181.654 | M15: 1711.4357 | N15: 0 | O15: 0 | P15: 0 | Q15: 0 | R15: 291.84168 | S15: 138871.58 | T15: 0 | U15: 0 | V15: 0 | W15: 0 | X15: 0 | Y15: 3810.1154 | Z15: 0 | AA15: 0
A16: 4 | G16: All | H16: =Setup!F12 -> 43493 | I16: 7815.4707 | J16: 5467.3361 | K16: 552.38057 | L16: 12393.209 | M16: 3413.5203 | N16: 0 | O16: 0 | P16: 0 | Q16: 0 | R16: 13837.331 | S16: 0 | T16: 0 | U16: 0 | V16: 0 | W16: 0 | X16: 0 | Y16: 7283.5619 | Z16: 0 | AA16: 0
A17: 5 | G17: All | H17: =Setup!F13 -> 43500 | I17: 9028.5069 | J17: 6315.9192 | K17: 6625.4674 | L17: 15256.219 | M17: 10973.407 | N17: 0 | O17: 0 | P17: 0 | Q17: 0 | R17: 31897.984 | S17: 102556.37 | T17: 0 | U17: 0 | V17: 0 | W17: 191864.99 | X17: 0 | Y17: 25594.411 | Z17: 0 | AA17: 0
A18: 6 | G18: All | H18: =Setup!F14 -> 43507 | I18: 9331.1159 | J18: 6527.6103 | K18: 17620.744 | L18: 15424.668 | M18: 17235.529 | N18: 0 | O18: 0 | P18: 0 | Q18: 0 | R18: 30455.078 | S18: 0 | T18: 0 | U18: 0 | V18: 0 | W18: 191864.99 | X18: 0 | Y18: 28391.391 | Z18: 0 | AA18: 0
A19: 7 | G19: All | H19: =Setup!F15 -> 43514 | I19: 7430.1603 | J19: 5197.791 | K19: 7583.5941 | L19: 15136.64 | M19: 10726.01 | N19: 0 | O19: 0 | P19: 0 | Q19: 0 | R19: 12580.871 | S19: 172271.21 | T19: 0 | U19: 0 | V19: 0 | W19: 191864.99 | X19: 0 | Y19: 12064.529 | Z19: 0 | AA19: 0
A20: 8 | G20: All | H20: =Setup!F16 -> 43521 | I20: 6198.8048 | J20: 4336.3926 | K20: 8957.4623 | L20: 13790.822 | M20: 6222.9989 | N20: 0 | O20: 0 | P20: 0 | Q20: 0 | R20: 13242.876 | S20: 0 | T20: 0 | U20: 0 | V20: 0 | W20: 0 | X20: 0 | Y20: 9795.5138 | Z20: 0 | AA20: 0
A21: 9 | G21: All | H21: =Setup!F17 -> 43528 | I21: 7126.8902 | J21: 4985.6375 | K21: 8559.8125 | L21: 13539.399 | M21: 9866.5972 | N21: 0 | O21: 0 | P21: 0 | Q21: 0 | R21: 31621.187 | S21: 0 | T21: 0 | U21: 0 | V21: 0 | W21: 28401.068 | X21: 0 | Y21: 9919.1396 | Z21: 0 | AA21: 0
A22: 10 | G22: All | H22: =Setup!F18 -> 43535 | I22: 9041.1667 | J22: 6324.7754 | K22: 11191.914 | L22: 12826.262 | M22: 12756.787 | N22: 0 | O22: 0 | P22: 0 | Q22: 0 | R22: 31806.192 | S22: 124936.11 | T22: 0 | U22: 0 | V22: 0 | W22: 28401.068 | X22: 0 | Y22: 13554.999 | Z22: 0 | AA22: 0
A23: 11 | G23: All | H23: =Setup!F19 -> 43542 | I23: 9687.5569 | J23: 6776.9596 | K23: 14381.077 | L23: 11685.269 | M23: 9198.0748 | N23: 0 | O23: 0 | P23: 0 | Q23: 1466.832 | R23: 1587.1126 | S23: 0 | T23: 0 | U23: 0 | V23: 0 | W23: 28401.068 | X23: 0 | Y23: 19186.103 | Z23: 0 | AA23: 0
A24: 12 | G24: All | H24: =Setup!F20 -> 43549 | I24: 6094.4152 | J24: 4263.3665 | K24: 13680.062 | L24: 13208.833 | M24: 6776.7154 | N24: 0 | O24: 0 | P24: 0 | Q24: 5663.8375 | R24: 476.88065 | S24: 346712.64 | T24: 0 | U24: 0 | V24: 0 | W24: 0 | X24: 0 | Y24: 17619.136 | Z24: 0 | AA24: 0
A25: 13 | G25: All | H25: =Setup!F21 -> 43556 | I25: 5280.9621 | J25: 3694.313 | K25: 4133.3607 | L25: 12834.149 | M25: 5269.9098 | N25: 0 | O25: 0 | P25: 0 | Q25: 1968.2189 | R25: 12306.024 | S25: 0 | T25: 0 | U25: 0 | V25: 0 | W25: 59168.891 | X25: 0 | Y25: 9911.1563 | Z25: 0 | AA25: 0
... A64: 52 | G64: All | H64: =Setup!F60 -> 43829 | I64: 4247.1279 | J64: 2971.0911 | K64: 10290.299 | L64: 14724.083 | M64: 5676.9288 | N64: 0 | O64: 0 | P64: 0 | Q64: 0 | R64: 6939.0537 | S64: 0 | T64: 0 | U64: 0 | V64: 0 | W64: 0 | X64: 0 | Y64: 0 | Z64: 47057.868 | AA64: 0
A65: 53 | B65: 53 | G65: All | H65: =Setup!F61 -> 43836 | I65: 3360.2201 | J65: 2350.6521 | K65: 0 | L65: 12795.007 | M65: 0 | N65: 0 | O65: 0 | P65: 0 | Q65: 0 | R65: 1033.9513 | S65: 0 | T65: 0 | U65: 0 | V65: 0 | W65: 0 | X65: 0 | Y65: 0 | Z65: 37469.96 | AA65: 0
A66: 54 | B66: 54 | G66: All | H66: =Setup!F62 -> 43843 | I66: 3982.1144 | J66: 2785.7001 | K66: 0 | L66: 16597.119 | M66: 0 | N66: 0 | O66: 0 | P66: 0 | Q66: 0 | R66: 1033.9507 | S66: 114707.67 | T66: 0 | U66: 0 | V66: 0 | W66: 0 | X66: 0 | Y66: 0 | Z66: 47759.554 | AA66: 0
A67: 55 | B67: 55 | G67: All | H67: =Setup!F63 -> 43850 | I67: 3879.5198 | J67: 2713.9298 | K67: 0 | L67: 16767.845 | M67: 0 | N67: 0 | O67: 0 | P67: 0 | Q67: 0 | R67: 924.9265 | S67: 47622.358 | T67: 0 | U67: 0 | V67: 0 | W67: 0 | X67: 0 | Y67: 0 | Z67: 43278.574 | AA67: 0
A68: 56 | B68: 56 | G68: All | H68: =Setup!F64 -> 43857 | I68: 3401.171 | J68: 2379.2994 | K68: 0 | L68: 17285.893 | M68: 0 | N68: 0 | O68: 0 | P68: 0 | Q68: 0 | R68: 6895.117 | S68: 194419.62 | T68: 0 | U68: 0 | V68: 0 | W68: 0 | X68: 0 | Y68: 0 | Z68: 41096.423 | AA68: 0
A69: 57 | B69: 57 | G69: All | H69: =Setup!F65 -> 43864 | I69: 3692.0456 | J69: 2582.7816 | K69: 3280.8947 | L69: 12631.614 | M69: 1699.0169 | N69: 0 | O69: 0 | P69: 0 | Q69: 0 | R69: 25323.002 | S69: 0 | T69: 0 | U69: 0 | V69: 0 | W69: 173956.54 | X69: 0 | Y69: 56409.835 | Z69: 42225.593 | AA69: 0
A70: 58 | B70: 58 | G70: All | H70: =Setup!F66 -> 43871 | I70: 2873.8196 | J70: 2010.3891 | K70: 5042.7713 | L70: 11518.643 | M70: 7138.0945 | N70: 0 | O70: 0 | P70: 0 | Q70: 0 | R70: 41813.275 | S70: 74459.019 | T70: 0 | U70: 0 | V70: 0 | W70: 173956.54 | X70: 0 | Y70: 70190.104 | Z70: 43195.055 | AA70: 0
A71: 59 | B71: 59 | G71: All | H71: =Setup!F67 -> 43878 | I71: 3321.5881 | J71: 2323.627 | K71: 13874.948 | L71: 12049.916 | M71: 10352.66 | N71: 0 | O71: 0 | P71: 0 | Q71: 0 | R71: 22024.539 | S71: 82977.567 | T71: 0 | U71: 0 | V71: 0 | W71: 0 | X71: 0 | Y71: 80445.444 | Z71: 35687.742 | AA71: 0
A72: 60 | B72: 60 | G72: All | H72: =Setup!F68 -> 43885 | I72: 3159.3871 | J72: 2210.1588 | K72: 2816.2625 | L72: 12759.626 | M72: 10729.308 | N72: 0 | O72: 0 | P72: 0 | Q72: 0 | R72: 22047.154 | S72: 0 | T72: 0 | U72: 0 | V72: 0 | W72: 0 | X72: 0 | Y72: 10512.471 | Z72: 31754.109 | AA72: 0
A73: 61 | B73: 61 | G73: All | H73: =Setup!F69 -> 43892 | I73: 3441.1021 | J73: 2407.2334 | K73: 5329.514 | L73: 10157.767 | M73: 14190.039 | N73: 0 | O73: 0 | P73: 0 | Q73: 0 | R73: 1002.936 | S73: 0 | T73: 0 | U73: 0 | V73: 0 | W73: 0 | X73: 0 | Y73: 30111.177 | Z73: 26234.538 | AA73: 0
A74: 62 | B74: 62 | G74: All | H74: =Setup!F70 -> 43899 | I74: 2876.835 | J74: 2012.4986 | K74: 6256.9761 | L74: 10244.889 | M74: 9009.7412 | N74: 0 | O74: 0 | P74: 0 | Q74: 0 | R74: 1002.9334 | S74: 0 | T74: 0 | U74: 0 | V74: 0 | W74: 0 | X74: 0 | Y74: 32698.947 | Z74: 36036.609 | AA74: 0
A75: 63 | B75: 63 | G75: All | H75: =Setup!F71 -> 43906 | I75: 3886.4006 | J75: 2718.7432 | K75: 5432.9177 | L75: 10441.4 | M75: 9015.1283 | N75: 0 | O75: 0 | P75: 0 | Q75: 0 | R75: 1002.9303 | S75: 0 | T75: 0 | U75: 0 | V75: 0 | W75: 0 | X75: 0 | Y75: 32972.72 | Z75: 30266.594 | AA75: 0
A76: 64 | B76: 64 | G76: All | H76: =Setup!F72 -> 43913 | I76: 2409.7926 | J76: 1685.7777 | K76: 555.63082 | L76: 5212.6542 | M76: 1122.8178 | N76: 0 | O76: 0 | P76: 0 | Q76: 0 | R76: 1002.9288 | S76: 254695.43 | T76: 0 | U76: 0 | V76: 0 | W76: 0 | X76: 0 | Y76: 9046.1023 | Z76: 12167.208 | AA76: 0
... A94: 82 | B94: 82 | G94: All | H94: =Setup!F90 -> 44039 | I94: 3090.8172 | J94: 2162.1905 | K94: 13939.361 | L94: 5155.5444 | M94: 1710.5082 | N94: 0 | O94: 0 | P94: 0 | Q94: 0 | R94: 0 | S94: 0 | T94: 0 | U94: 4402.2257 | V94: 0 | W94: 0 | X94: 0 | Y94: 62524.421 | Z94: 15273.504 | AA94: 0
A95: 83 | B95: 83 | C95: 83 | G95: All | H95: =Setup!F91 -> 44046 | I95: 8016.4236 | J95: 5607.9133 | K95: 19421.969 | L95: 11166.388 | M95: 2131.2665 | N95: 0 | O95: 147090.57 | P95: 0 | Q95: 0 | R95: 0 | S95: 0 | T95: 0 | U95: 7159.1584 | V95: 0 | W95: 0 | X95: 0 | Y95: 224059.49 | Z95: 24709.953 | AA95: 26250
A96: 84 | B96: 84 | C96: 84 | G96: All | H96: =Setup!F92 -> 44053 | I96: 9597.198 | J96: 6713.7488 | K96: 28691.575 | L96: 13657.3 | M96: 4885.8742 | N96: 0 | O96: 147090.57 | P96: 0 | Q96: 0 | R96: 0 | S96: 0 | T96: 0 | U96: 0 | V96: 0 | W96: 0 | X96: 0 | Y96: 293285.14 | Z96: 34967.096 | AA96: 26250
A97: 85 | B97: 85 | C97: 85 | G97: All | H97: =Setup!F93 -> 44060 | I97: 12859.981 | J97: 8996.2385 | K97: 33088.297 | L97: 12773.613 | M97: 4702.9741 | N97: 0 | O97: 0 | P97: 0 | Q97: 0 | R97: 0 | S97: 276406.64 | T97: 0 | U97: 0 | V97: 0 | W97: 0 | X97: 0 | Y97: 129347.64 | Z97: 40540.633 | AA97: 26250
A98: 86 | B98: 86 | C98: 86 | G98: All | H98: =Setup!F94 -> 44067 | I98: 26639.806 | J98: 18635.957 | K98: 31950.005 | L98: 8467.5634 | M98: 5611.9417 | N98: 0 | O98: 0 | P98: 0 | Q98: 0 | R98: 0 | S98: 0 | T98: 0 | U98: 0 | V98: 0 | W98: 0 | X98: 0 | Y98: 135847.83 | Z98: 40451.008 | AA98: 26250
A99: 87 | B99: 87 | C99: 87 | G99: All | H99: =Setup!F95 -> 44074 | I99: 12188.917 | J99: 8526.7938 | K99: 28279.405 | L99: 10665.092 | M99: 6124.6534 | N99: 0 | O99: 0 | P99: 0 | Q99: 0 | R99: 0 | S99: 49267.284 | T99: 0 | U99: 0 | V99: 0 | W99: 0 | X99: 0 | Y99: 58180.777 | Z99: 40243.333 | AA99: 0
A100: 88 | B100: 88 | C100: 88 | G100: All | H100: =Setup!F96 -> 44081 | I100: 6295.2312 | J100: 4403.8479 | K100: 34102.463 | L100: 10899.987 | M100: 9212.2118 | N100: 0 | O100: 50206.249 | P100: 0 | Q100: 0 | R100: 0 | S100: 0 | T100: 0 | U100: 0 | V100: 0 | W100: 0 | X100: 0 | Y100: 126576.33 | Z100: 35125.496 | AA100: 0
A101: 89 | B101: 89 | C101: 89 | G101: All | H101: =Setup!F97 -> 44088 | I101: 7766.6525 | J101: 5433.1852 | K101: 26867.789 | L101: 9390.1276 | M101: 8458.1144 | N101: 0 | O101: 50206.249 | P101: 0 | Q101: 0 | R101: 0 | S101: 0 | T101: 0 | U101: 0 | V101: 0 | W101: 0 | X101: 0 | Y101: 73193.818 | Z101: 33363.241 | AA101: 0
A102: 90 | B102: 90 | C102: 90 | G102: All | H102: =Setup!F98 -> 44095 | I102: 9289.4289 | J102: 6498.448 | K102: 52566.583 | L102: 13260.649 | M102: 17985.227 | N102: 0 | O102: 0 | P102: 0 | Q102: 0 | R102: 0 | S102: 0 | T102: 0 | U102: 0 | V102: 0 | W102: 0 | X102: 0 | Y102: 32995.74 | Z102: 51769.624 | AA102: 0
A103: 91 | B103: 91 | C103: 91 | G103: All | H103: =Setup!F99 -> 44102 | I103: 7605.0004 | J103: 5320.101 | K103: 63893.021 | L103: 10203.413 | M103: 5918.3765 | N103: 0 | O103: 0 | P103: 0 | Q103: 0 | R103: 0 | S103: 0 | T103: 0 | U103: 0 | V103: 0 | W103: 0 | X103: 0 | Y103: 36727.692 | Z103: 30047.121 | AA103: 0
A104: 92 | B104: 92 | C104: 92 | G104: All | H104: =Setup!F100 -> 44109 | I104: 9861.3657 | J104: 6898.5481 | K104: 52769.27 | L104: 12389.413 | M104: 4201.8279 | N104: 0 | O104: 95915.804 | P104: 0 | Q104: 0 | R104: 0 | S104: 104609.62 | T104: 0 | U104: 0 | V104: 0 | W104: 0 | X104: 0 | Y104: 44887.249 | Z104: 23067.864 | AA104: 0
A105: 93 | B105: 93 | C105: 93 | G105: All | H105: =Setup!F101 -> 44116 | I105: 14136.511 | J105: 9889.2389 | K105: 54164.727 | L105: 14482.864 | M105: 3178.8222 | N105: 0 | O105: 95915.804 | P105: 0 | Q105: 0 | R105: 0 | S105: 0 | T105: 0 | U105: 0 | V105: 0 | W105: 0 | X105: 0 | Y105: 44265.514 | Z105: 15923.859 | AA105: 0
A106: 94 | B106: 94 | C106: 94 | G106: All | H106: =Setup!F102 -> 44123 | I106: 12750.32 | J106: 8919.5246 | K106: 41750.548 | L106: 17020.259 | M106: 2662.2104 | N106: 0 | O106: 0 | P106: 0 | Q106: 0 | R106: 0 | S106: 0 | T106: 0 | U106: 0 | V106: 0 | W106: 0 | X106: 0 | Y106: 43479.728 | Z106: 31535.251 | AA106: 0
... A116: 104 | B116: 104 | C116: 104 | G116: All | H116: =Setup!F112 -> 44193 | I116: 16219.52 | J116: 11346.414 | K116: 56061.991 | L116: 12319.752 | M116: 1072.7398 | N116: 0 | O116: 0 | P116: 0 | Q116: 3778.0326 | R116: 0 | S116: 0 | T116: 0 | U116: 0 | V116: 27056.96 | W116: 0 | X116: 0 | Y116: 39218.948 | Z116: 18749.434 | AA116: 0
A117: 105
A118: 106
A119: 107
A120: 108
A121: 109
A122: 110
A123: 111
A124: 112

Sheet Dictionary
C3: Data Table: feat | E3: =IF(ISERROR(SUM(feat[Match])),"Missing Group 1 in dict","No gaps") -> No gaps | J3: Data Table: dict
C4: Feature | D4: Group 1 | E4: Match | F4: Prism Code | J4: Group 1 | K4: Group 2 | L4: Group 3 | M4: Group 4
C5: sales | D5: Sales | E5: =MATCH(feat[[#This Row],[Group 1]],dict[Group 1],0) -> 1 | F5: =CONCATENATE("'",feat[[#This Row],[Feature]],"': {},") -> 'sales': {}, | J5: Sales | K5: Sales | L5: Sales | M5: Sales
C6: vday_dummy | D6: Seasonality | E6: =MATCH(feat[[#This Row],[Group 1]],dict[Group 1],0) -> 2 | F6: =CONCATENATE("'",feat[[#This Row],[Feature]],"': {},") -> 'vday_dummy': {}, | J6: Seasonality | K6: Macro | L6: Macro | M6: Macro
C7: blackfriday_dummy | D7: Seasonality | E7: =MATCH(feat[[#This Row],[Group 1]],dict[Group 1],0) -> 2 | F7: =CONCATENATE("'",feat[[#This Row],[Feature]],"': {},") -> 'blackfriday_dummy': {}, | J7: Market | K7: Macro | L7: Macro | M7: Macro
C8: mothersday_dummy | D8: Seasonality | E8: =MATCH(feat[[#This Row],[Group 1]],dict[Group 1],0) -> 2 | F8: =CONCATENATE("'",feat[[#This Row],[Feature]],"': {},") -> 'mothersday_dummy': {}, | J8: Covid | K8: Covid | L8: Covid | M8: Macro
C9: xmas_dummy | D9: Seasonality | E9: =MATCH(feat[[#This Row],[Group 1]],dict[Group 1],0) -> 2 | F9: =CONCATENATE("'",feat[[#This Row],[Feature]],"': {},") -> 'xmas_dummy': {}, | J9: Product Launch | K9: Product Launch | L9: Promotion | M9: Promotion
C10: market_sales | D10: Market | E10: =MATCH(feat[[#This Row],[Group 1]],dict[Group 1],0) -> 3 | F10: =CONCATENATE("'",feat[[#This Row],[Feature]],"': {},") -> 'market_sales': {}, | J10: GWP | K10: GWP | L10: Promotion | M10: Promotion
C11: covid_trend | D11: Covid | E11: =MATCH(feat[[#This Row],[Group 1]],dict[Group 1],0) -> 4 | F11: =CONCATENATE("'",feat[[#This Row],[Feature]],"': {},") -> 'covid_trend': {}, | J11: Samples | K11: Samples | L11: Promotion | M11: Promotion
C12: launch_fragrance_trend | D12: Product Launch | E12: =MATCH(feat[[#This Row],[Group 1]],dict[Group 1],0) -> 5 | F12: =CONCATENATE("'",feat[[#This Row],[Feature]],"': {},") -> 'launch_fragrance_trend': {}, | J12: TV - Pure | K12: TV | L12: Traditional Media | M12: Media
C13: launch_makeup_trend | D13: Product Launch | E13: =MATCH(feat[[#This Row],[Group 1]],dict[Group 1],0) -> 5 | F13: =CONCATENATE("'",feat[[#This Row],[Feature]],"': {},") -> 'launch_makeup_trend': {}, | J13: TV - Coop | K13: TV | L13: Traditional Media | M13: Media
C14: launch_skincare_trend | D14: Product Launch | E14: =MATCH(feat[[#This Row],[Group 1]],dict[Group 1],0) -> 5 | F14: =CONCATENATE("'",feat[[#This Row],[Feature]],"': {},") -> 'launch_skincare_trend': {}, | J14: Print - Pure | K14: Print | L14: Traditional Media | M14: Media
C15: gwp_units_distributed | D15: GWP | E15: =MATCH(feat[[#This Row],[Group 1]],dict[Group 1],0) -> 6 | F15: =CONCATENATE("'",feat[[#This Row],[Feature]],"': {},") -> 'gwp_units_distributed': {}, | J15: Print - Coop | K15: Print | L15: Traditional Media | M15: Media
C16: samples_quantity_distributed | D16: Samples | E16: =MATCH(feat[[#This Row],[Group 1]],dict[Group 1],0) -> 7 | F16: =CONCATENATE("'",feat[[#This Row],[Feature]],"': {},") -> 'samples_quantity_distributed': {}, | J16: Outdoor | K16: Outdoor | L16: Traditional Media | M16: Media
... C24: google_brand_search_clicks | D24: Search - Brand | E24: =MATCH(feat[[#This Row],[Group 1]],dict[Group 1],0) -> 13 | F24: =CONCATENATE("'",feat[[#This Row],[Feature]],"': {},") -> 'google_brand_search_clicks': {}, | J24: Display | K24: Display | L24: Digital Media | M24: Media
C25: google_brand_search_imp | D25: Search - Brand | E25: =MATCH(feat[[#This Row],[Group 1]],dict[Group 1],0) -> 13 | F25: =CONCATENATE("'",feat[[#This Row],[Feature]],"': {},") -> 'google_brand_search_imp': {},
C26: google_brand_search_spend | D26: Search - Brand | E26: =MATCH(feat[[#This Row],[Group 1]],dict[Group 1],0) -> 13 | F26: =CONCATENATE("'",feat[[#This Row],[Feature]],"': {},") -> 'google_brand_search_spend': {},
C27: google_nonbrand_search_clicks | D27: Search - Non-Brand | E27: =MATCH(feat[[#This Row],[Group 1]],dict[Group 1],0) -> 14 | F27: =CONCATENATE("'",feat[[#This Row],[Feature]],"': {},") -> 'google_nonbrand_search_clicks': {},
C28: google_nonbrand_search_imp | D28: Search - Non-Brand | E28: =MATCH(feat[[#This Row],[Group 1]],dict[Group 1],0) -> 14 | F28: =CONCATENATE("'",feat[[#This Row],[Feature]],"': {},") -> 'google_nonbrand_search_imp': {},
C29: google_nonbrand_search_spend | D29: Search - Non-Brand | E29: =MATCH(feat[[#This Row],[Group 1]],dict[Group 1],0) -> 14 | F29: =CONCATENATE("'",feat[[#This Row],[Feature]],"': {},") -> 'google_nonbrand_search_spend': {},
C30: bing_brand_search_clicks | D30: Search - Brand | E30: =MATCH(feat[[#This Row],[Group 1]],dict[Group 1],0) -> 13 | F30: =CONCATENATE("'",feat[[#This Row],[Feature]],"': {},") -> 'bing_brand_search_clicks': {},
C31: bing_brand_search_spend | D31: Search - Brand | E31: =MATCH(feat[[#This Row],[Group 1]],dict[Group 1],0) -> 13 | F31: =CONCATENATE("'",feat[[#This Row],[Feature]],"': {},") -> 'bing_brand_search_spend': {},
C32: pinterest_awareness_imp | D32: Pinterest | E32: =MATCH(feat[[#This Row],[Group 1]],dict[Group 1],0) -> 15 | F32: =CONCATENATE("'",feat[[#This Row],[Feature]],"': {},") -> 'pinterest_awareness_imp': {},
C33: pinterest_awareness_spend | D33: Pinterest | E33: =MATCH(feat[[#This Row],[Group 1]],dict[Group 1],0) -> 15 | F33: =CONCATENATE("'",feat[[#This Row],[Feature]],"': {},") -> 'pinterest_awareness_spend': {},
C34: pinterest_conversion_imp | D34: Pinterest | E34: =MATCH(feat[[#This Row],[Group 1]],dict[Group 1],0) -> 15 | F34: =CONCATENATE("'",feat[[#This Row],[Feature]],"': {},") -> 'pinterest_conversion_imp': {},
C35: pinterest_conversion_spend | D35: Pinterest | E35: =MATCH(feat[[#This Row],[Group 1]],dict[Group 1],0) -> 15 | F35: =CONCATENATE("'",feat[[#This Row],[Feature]],"': {},") -> 'pinterest_conversion_spend': {},
C36: snap_awareness_imp | D36: Snapchat | E36: =MATCH(feat[[#This Row],[Group 1]],dict[Group 1],0) -> 16 | F36: =CONCATENATE("'",feat[[#This Row],[Feature]],"': {},") -> 'snap_awareness_imp': {},
... C67: type_in_name_of_new_seasonality_variable | D67: Seasonality | E67: =MATCH(feat[[#This Row],[Group 1]],dict[Group 1],0) -> 2 | F67: =CONCATENATE("'",feat[[#This Row],[Feature]],"': {},") -> 'type_in_name_of_new_seasonality_variable': {},

Sheet InputSheet
B1: Data Rows
B2: =COUNTA(E:E) -> 109 | D2: Clear table before pasting in! | F2: {=OFFSET($E3,0,1,1,$B$4)&TEXT(OFFSET($E4,0,1,1,$B$4)," +L0;;;")&TEXT(OFFSET($E5,0,1,1,$B$4)*100," +A0;;;")&TEXT(OFFSET($E6,0,1,1,$B$4)+OFFSET($E7,0,1,1,$B$4)," +""S""0.0;;;")} -> sales | G2: bing_brand_search_clicks | H2: bing_brand_search_spend | I2: blackfriday_dummy | J2: covid_trend | K2: google_brand_search_clicks | L2: google_brand_search_imp | M2: google_brand_search_spend | N2: google_display_clicks | O2: google_display_imp | P2: google_display_spend | Q2: google_nonbrand_search_clicks | R2: google_nonbrand_search_imp | S2: google_nonbrand_search_spend | T2: google_video_clicks | U2: google_video_imp | V2: google_video_spend | W2: gwp_units_distributed | X2: launch_fragrance_trend | Y2: launch_makeup_trend | Z2: launch_skincare_trend | AA2: market_sales | AB2: mothersday_dummy | AC2: nongoogle_display_spend | AD2: nongoogle_video_spend | AE2: pinterest_awareness_imp | AF2: pinterest_awareness_spend | AG2: pinterest_conversion_imp | AH2: pinterest_conversion_spend | AI2: print_coop_spend | AJ2: print_pure_spend | AK2: samples_quantity_distributed | AL2: snap_awareness_imp | AM2: snap_awareness_spend | AN2: snap_conversion_imp | AO2: snap_conversion_spend | AP2: tiktok_awareness_imp | AQ2: tiktok_awareness_spend | AR2: tv_coop_spend | AS2: tv_pure_imp | AT2: tv_pure_spend +L1 | AU2: vday_dummy | AV2: xmas_dummy | AW2: youtube_video_spend | AX2: fbig_spend | AY2: fbig_imp +A60 | AZ2: youtube_video_imp | BA2: outdoor_impressions +A20 | BB2: outdoor_spend | BC2: covid_holiday_period | BD2: covid_xmas | BE2: tv_coop_spend_after_2020-04-13 | BF2: print_pure_spend_after_2020-04-13 +L1 | BG2: print_pure_spend_before_2020-04-13 | BH2: total_product_launch | BI2: week_before_laborday | BJ2: week_before_vday +A30 | BK2: july_promo | BL2: mothersday_2019 | BM2: blackfriday_2019 | BN2: friends_and_family_august_promo | BO2: flash_sale_promo | BP2: new_year
B3: Data Cols | D3: Paste Here | E3: date | F3: sales | G3: bing_brand_search_clicks | H3: bing_brand_search_spend | I3: blackfriday_dummy | J3: covid_trend | K3: google_brand_search_clicks | L3: google_brand_search_imp | M3: google_brand_search_spend | N3: google_display_clicks | O3: google_display_imp | P3: google_display_spend | Q3: google_nonbrand_search_clicks | R3: google_nonbrand_search_imp | S3: google_nonbrand_search_spend | T3: google_video_clicks | U3: google_video_imp | V3: google_video_spend | W3: gwp_units_distributed | X3: launch_fragrance_trend | Y3: launch_makeup_trend | Z3: launch_skincare_trend | AA3: market_sales | AB3: mothersday_dummy | AC3: nongoogle_display_spend | AD3: nongoogle_video_spend | AE3: pinterest_awareness_imp | AF3: pinterest_awareness_spend | AG3: pinterest_conversion_imp | AH3: pinterest_conversion_spend | AI3: print_coop_spend | AJ3: print_pure_spend | AK3: samples_quantity_distributed | AL3: snap_awareness_imp | AM3: snap_awareness_spend | AN3: snap_conversion_imp | AO3: snap_conversion_spend | AP3: tiktok_awareness_imp | AQ3: tiktok_awareness_spend | AR3: tv_coop_spend | AS3: tv_pure_imp | AT3: tv_pure_spend | AU3: vday_dummy | AV3: xmas_dummy | AW3: youtube_video_spend | AX3: fbig_spend | AY3: fbig_imp | AZ3: youtube_video_imp | BA3: outdoor_impressions | BB3: outdoor_spend | BC3: covid_holiday_period | BD3: covid_xmas | BE3: tv_coop_spend_after_2020-04-13 | BF3: print_pure_spend_after_2020-04-13 | BG3: print_pure_spend_before_2020-04-13 | BH3: total_product_launch | BI3: week_before_laborday | BJ3: week_before_vday | BK3: july_promo | BL3: mothersday_2019 | BM3: blackfriday_2019 | BN3: friends_and_family_august_promo | BO3: flash_sale_promo | BP3: new_year
B4: =COUNTA(3:3)-COUNTA(A3:E3) -> 63 | E4: lag | G4: 0 | J4: 0 | L4: 0 | O4: 0 | R4: 0 | U4: 0 | W4: 0 | AA4: 0 | AC4: 0 | AD4: 0 | AE4: 0 | AG4: 0 | AI4: 0 | AK4: 0 | AL4: 0 | AN4: 0 | AR4: 0 | AT4: 1 | AV4: 0 | AY4: 0 | AZ4: 0 | BA4: 0 | BC4: 0 | BD4: 0 | BE4: 0 | BF4: 1 | BG4: 0 | BH4: 0 | BJ4: 0 | BK4: 0 | BL4: 0 | BM4: 0 | BN4: 0 | BO4: 0 | BP4: 0
E5: adstock | G5: 0 | J5: 0 | L5: 0 | O5: 0 | R5: 0 | U5: 0 | W5: 0 | AA5: 0 | AC5: 0 | AD5: 0 | AE5: 0 | AG5: 0 | AI5: 0 | AK5: 0 | AL5: 0 | AN5: 0 | AR5: 0 | AT5: 0 | AV5: 0 | AY5: 0.6 | AZ5: 0 | BA5: 0.2 | BC5: 0 | BD5: 0 | BE5: 0 | BF5: 0 | BG5: 0 | BH5: 0 | BJ5: 0.3 | BK5: 0 | BL5: 0 | BM5: 0 | BN5: 0 | BO5: 0 | BP5: 0
B6: =Setup!B6 -> All | E6: saturation_K
B7: Filter | D7: province_cat | E7: saturation_S
B8: {=IFERROR(SEARCH($B$6,OFFSET($D$7,1,0,$B$2,1)),0)} -> 1 | D8: All | E8: 43472 | F8: 6096762.5 | G8: 2900.8768 | H8: 8535.213 | I8: 0 | J8: 0 | K8: 6445.1076 | L8: 225599.02 | M8: 5970.834 | N8: 192.45043 | O8: 72160.543 | P8: 385.81377 | Q8: 8048.5676 | R8: 301929.62 | S8: 19863.905 | T8: 417.48972 | U8: 123341.35 | V8: 1587.0688 | W8: 21235 | X8: 0 | Y8: 0.65777462 | Z8: 0 | AA8: 2.4461557e+08 | AB8: 0 | AC8: 0 | AD8: 0 | AE8: 0 | AF8: 0 | AG8: 0 | AH8: 0 | AI8: 291.8426 | AJ8: 68696.88 | AK8: 285111 | AL8: 0 | AM8: 0 | AN8: 0 | AO8: 0 | AP8: 0 | AQ8: 0 | AR8: 0 | AS8: 0 | AT8: 0 | AU8: 0 | AV8: 0 | AW8: 6008.7616 | AX8: 0 | AY8: 0 | AZ8: 532627.15 | BA8: 0 | BB8: 0 | BC8: 0 | BD8: 0 | BE8: 0 | BF8: 0 | BG8: 68696.88 | BH8: 0.65777462 | BI8: 0 | BJ8: 0 | BK8: 0 | BL8: 0 | BM8: 0 | BN8: 0 | BO8: 0 | BP8: 0
B9: 1 | D9: All | E9: 43479 | F9: 6089210.2 | G9: 2256.867 | H9: 7213.1737 | I9: 0 | J9: 0 | K9: 5744.4471 | L9: 207751.34 | M9: 5045.9974 | N9: 77.508639 | O9: 34493.547 | P9: 193.1763 | Q9: 7100.4079 | R9: 270855.26 | S9: 17575.176 | T9: 503.80616 | U9: 150301.58 | V9: 1892.74 | W9: 0 | X9: 0.038621946 | Y9: 0.46331831 | Z9: 0 | AA9: 2.5259263e+08 | AB9: 0 | AC9: 0 | AD9: 0 | AE9: 0 | AF9: 0 | AG9: 0 | AH9: 0 | AI9: 291.84229 | AJ9: 128080.38 | AK9: 489603 | AL9: 0 | AM9: 0 | AN9: 0 | AO9: 0 | AP9: 0 | AQ9: 0 | AR9: 0 | AS9: 0 | AT9: 0 | AU9: 0 | AV9: 0 | AW9: 4042.4816 | AX9: 0 | AY9: 0 | AZ9: 363528.09 | BA9: 0 | BB9: 0 | BC9: 0 | BD9: 0 | BE9: 0 | BF9: 0 | BG9: 128080.38 | BH9: 0.50194025 | BI9: 0 | BJ9: 0 | BK9: 0 | BL9: 0 | BM9: 0 | BN9: 0 | BO9: 0 | BP9: 0
B10: 1 | D10: All | E10: 43486 | F10: 6508506.8 | G10: 834.12798 | H10: 7174.7345 | I10: 0 | J10: 0 | K10: 5925.4474 | L10: 211989.21 | M10: 5019.1072 | N10: 188.92731 | O10: 84085.864 | P10: 459.46324 | Q10: 4985.6552 | R10: 198156.12 | S10: 12181.654 | T10: 413.08582 | U10: 135798.22 | V10: 1711.4357 | W10: 0 | X10: 0.22152892 | Y10: 0.37955382 | Z10: 0 | AA10: 2.5558166e+08 | AB10: 0 | AC10: 0 | AD10: 0 | AE10: 0 | AF10: 0 | AG10: 0 | AH10: 0 | AI10: 291.84168 | AJ10: 138871.58 | AK10: 302329 | AL10: 0 | AM10: 0 | AN10: 0 | AO10: 0 | AP10: 0 | AQ10: 0 | AR10: 0 | AS10: 0 | AT10: 0 | AU10: 0 | AV10: 0 | AW10: 3810.1154 | AX10: 0 | AY10: 0 | AZ10: 355039.52 | BA10: 0 | BB10: 0 | BC10: 0 | BD10: 0 | BE10: 0 | BF10: 0 | BG10: 138871.58 | BH10: 0.60108275 | BI10: 0 | BJ10: 0 | BK10: 0 | BL10: 0 | BM10: 0 | BN10: 0 | BO10: 0 | BP10: 0
B11: 1 | D11: All | E11: 43493 | F11: 7022937.1 | G11: 1875.3715 | H11: 7815.4707 | I11: 0 | J11: 0 | K11: 6411.1976 | L11: 261913.14 | M11: 5467.3361 | N11: 221.07578 | O11: 103102.34 | P11: 552.38057 | Q11: 5072.412 | R11: 193075.78 | S11: 12393.209 | T11: 726.20311 | U11: 313427.32 | V11: 3413.5203 | W11: 0 | X11: 0.023616164 | Y11: 0 | Z11: 0 | AA11: 2.4766957e+08 | AB11: 0 | AC11: 0 | AD11: 0 | AE11: 0 | AF11: 0 | AG11: 0 | AH11: 0 | AI11: 13837.331 | AJ11: 0 | AK11: 371304 | AL11: 0 | AM11: 0 | AN11: 0 | AO11: 0 | AP11: 0 | AQ11: 0 | AR11: 0 | AS11: 0 | AT11: 0 | AU11: 0 | AV11: 0 | AW11: 7283.5619 | AX11: 0 | AY11: 0 | AZ11: 596112.99 | BA11: 0 | BB11: 0 | BC11: 0 | BD11: 0 | BE11: 0 | BF11: 0 | BG11: 0 | BH11: 0.023616164 | BI11: 0 | BJ11: 0 | BK11: 0 | BL11: 0 | BM11: 0 | BN11: 0 | BO11: 0 | BP11: 0
B12: 1 | D12: All | E12: 43500 | F12: 19633183 | G12: 2128.4428 | H12: 9028.5069 | I12: 0 | J12: 0 | K12: 7195.5322 | L12: 283329.31 | M12: 6315.9192 | N12: 1185.5299 | O12: 1881717.3 | P12: 6625.4674 | Q12: 6423.0881 | R12: 227563.16 | S12: 15256.219 | T12: 1536.9611 | U12: 1156974.1 | V12: 10973.407 | W12: 0 | X12: 0.032639321 | Y12: 0.00132715 | Z12: 0 | AA12: 3.0204759e+08 | AB12: 0 | AC12: 0 | AD12: 0 | AE12: 0 | AF12: 0 | AG12: 0 | AH12: 0 | AI12: 31897.984 | AJ12: 102556.37 | AK12: 468574 | AL12: 0 | AM12: 0 | AN12: 0 | AO12: 0 | AP12: 0 | AQ12: 0 | AR12: 191864.99 | AS12: 0 | AT12: 0 | AU12: 0 | AV12: 0 | AW12: 25594.411 | AX12: 0 | AY12: 0 | AZ12: 2251435 | BA12: 0 | BB12: 0 | BC12: 0 | BD12: 0 | BE12: 0 | BF12: 0 | BG12: 102556.37 | BH12: 0.033966471 | BI12: 0 | BJ12: 1 | BK12: 0 | BL12: 0 | BM12: 0 | BN12: 0 | BO12: 0 | BP12: 0
B13: 1 | D13: All | E13: 43507 | F13: 12143474 | G13: 2207.1341 | H13: 9331.1159 | I13: 0 | J13: 0 | K13: 6759.9865 | L13: 293126.22 | M13: 6527.6103 | N13: 2989.8077 | O13: 5153010.8 | P13: 17620.744 | Q13: 6428.8132 | R13: 230271.56 | S13: 15424.668 | T13: 1894.1174 | U13: 1818067.3 | V13: 17235.529 | W13: 0 | X13: 0 | Y13: 0.041399347 | Z13: 0.00070642 | AA13: 3.4458308e+08 | AB13: 0 | AC13: 0 | AD13: 0 | AE13: 0 | AF13: 0 | AG13: 0 | AH13: 0 | AI13: 30455.078 | AJ13: 0 | AK13: 208336 | AL13: 0 | AM13: 0 | AN13: 0 | AO13: 0 | AP13: 0 | AQ13: 0 | AR13: 191864.99 | AS13: 0 | AT13: 0 | AU13: 1 | AV13: 0 | AW13: 28391.391 | AX13: 0 | AY13: 0 | AZ13: 2549329 | BA13: 0 | BB13: 0 | BC13: 0 | BD13: 0 | BE13: 0 | BF13: 0 | BG13: 0 | BH13: 0.042105767 | BI13: 0 | BJ13: 0.3 | BK13: 0 | BL13: 0 | BM13: 0 | BN13: 0 | BO13: 0 | BP13: 0
B14: 1 | D14: All | E14: 43514 | F14: 9691781.5 | G14: 1704.7687 | H14: 7430.1603 | I14: 0 | J14: 0 | K14: 4640.8298 | L14: 161760.09 | M14: 5197.791 | N14: 1134.885 | O14: 1994596.3 | P14: 7583.5941 | Q14: 6520.8547 | R14: 239695.47 | S14: 15136.64 | T14: 1014.2182 | U14: 1171058.2 | V14: 10726.01 | W14: 0 | X14: 0 | Y14: 0.019437 | Z14: 0.042161779 | AA14: 2.956075e+08 | AB14: 0 | AC14: 0 | AD14: 0 | AE14: 0 | AF14: 0 | AG14: 0 | AH14: 0 | AI14: 12580.871 | AJ14: 172271.21 | AK14: 829297 | AL14: 0 | AM14: 0 | AN14: 0 | AO14: 0 | AP14: 0 | AQ14: 0 | AR14: 191864.99 | AS14: 0 | AT14: 0 | AU14: 0 | AV14: 0 | AW14: 12064.529 | AX14: 0 | AY14: 0 | AZ14: 1120416 | BA14: 0 | BB14: 0 | BC14: 0 | BD14: 0 | BE14: 0 | BF14: 0 | BG14: 172271.21 | BH14: 0.061598779 | BI14: 0 | BJ14: 0.09 | BK14: 0 | BL14: 0 | BM14: 0 | BN14: 0 | BO14: 0 | BP14: 0
B15: 1 | D15: All | E15: 43521 | F15: 7689159.6 | G15: 1597.7485 | H15: 6198.8048 | I15: 0 | J15: 0 | K15: 3826.9891 | L15: 93100.647 | M15: 4336.3926 | N15: 1394.2747 | O15: 2431316.5 | P15: 8957.4623 | Q15: 5998.9925 | R15: 229529.06 | S15: 13790.822 | T15: 881.66077 | U15: 652310.07 | V15: 6222.9989 | W15: 0 | X15: 0.25167989 | Y15: 0.0025707 | Z15: 0.054890715 | AA15: 2.9142605e+08 | AB15: 0 | AC15: 0 | AD15: 0 | AE15: 0 | AF15: 0 | AG15: 0 | AH15: 0 | AI15: 13242.876 | AJ15: 0 | AK15: 712828 | AL15: 0 | AM15: 0 | AN15: 0 | AO15: 0 | AP15: 0 | AQ15: 0 | AR15: 0 | AS15: 0 | AT15: 0 | AU15: 0 | AV15: 0 | AW15: 9795.5138 | AX15: 0 | AY15: 0 | AZ15: 901653.7 | BA15: 0 | BB15: 0 | BC15: 0 | BD15: 0 | BE15: 0 | BF15: 0 | BG15: 0 | BH15: 0.3091413 | BI15: 0 | BJ15: 0.027 | BK15: 0 | BL15: 0 | BM15: 0 | BN15: 0 | BO15: 0 | BP15: 0
B16: 1 | D16: All | E16: 43528 | F16: 10234522 | G16: 1814.3071 | H16: 7126.8902 | I16: 0 | J16: 0 | K16: 4476.5643 | L16: 171533.23 | M16: 4985.6375 | N16: 1411.4499 | O16: 2262162.7 | P16: 8559.8125 | Q16: 5557.2814 | R16: 184579.78 | S16: 13539.399 | T16: 1532.5572 | U16: 1031359.9 | V16: 9866.5972 | W16: 185897 | X16: 2.5620533 | Y16: 0.0069388 | Z16: 0.10726779 | AA16: 3.314311e+08 | AB16: 0 | AC16: 0 | AD16: 0 | AE16: 0 | AF16: 0 | AG16: 0 | AH16: 0 | AI16: 31621.187 | AJ16: 0 | AK16: 673603 | AL16: 0 | AM16: 0 | AN16: 0 | AO16: 0 | AP16: 0 | AQ16: 0 | AR16: 28401.068 | AS16: 0 | AT16: 0 | AU16: 0 | AV16: 0 | AW16: 9919.1396 | AX16: 0 | AY16: 0 | AZ16: 885470.61 | BA16: 0 | BB16: 0 | BC16: 0 | BD16: 0 | BE16: 0 | BF16: 0 | BG16: 0 | BH16: 2.6762598 | BI16: 0 | BJ16: 0 | BK16: 0 | BL16: 0 | BM16: 0 | BN16: 0 | BO16: 0 | BP16: 0
B17: 1 | D17: All | E17: 43535 | F17: 9309029.2 | G17: 1716.1003 | H17: 9041.1667 | I17: 0 | J17: 0 | K17: 5948.3477 | L17: 275232.3 | M17: 6324.7754 | N17: 1650.1413 | O17: 2892995.4 | P17: 11191.914 | Q17: 5203.6482 | R17: 171564.93 | S17: 12826.262 | T17: 1916.5773 | U17: 1238496 | V17: 12756.787 | W17: 100412 | X17: 6.1382 | Y17: 0.033388586 | Z17: 1.0504388 | AA17: 3.1302486e+08 | AB17: 0 | AC17: 0 | AD17: 0 | AE17: 0 | AF17: 0 | AG17: 0 | AH17: 0 | AI17: 31806.192 | AJ17: 124936.11 | AK17: 262005 | AL17: 0 | AM17: 0 | AN17: 0 | AO17: 0 | AP17: 0 | AQ17: 0 | AR17: 28401.068 | AS17: 0 | AT17: 0 | AU17: 0 | AV17: 0 | AW17: 13554.999 | AX17: 0 | AY17: 0 | AZ17: 1072549.2 | BA17: 0 | BB17: 0 | BC17: 0 | BD17: 0 | BE17: 0 | BF17: 0 | BG17: 124936.11 | BH17: 7.2220274 | BI17: 0 | BJ17: 0 | BK17: 0 | BL17: 0 | BM17: 0 | BN17: 0 | BO17: 0 | BP17: 0
B18: 1 | D18: All | E18: 43542 | F18: 12102723 | G18: 1461.1404 | H18: 9687.5569 | I18: 0 | J18: 0 | K18: 6383.0126 | L18: 302482.75 | M18: 6776.9596 | N18: 2128.4049 | O18: 3771744.4 | P18: 14381.077 | Q18: 4656.6838 | R18: 160591.3 | S18: 11685.269 | T18: 1142.812 | U18: 950705.56 | V18: 9198.0748 | W18: 3528 | X18: 13.436133 | Y18: 0.0099693 | Z18: 1.5849695 | AA18: 3.7821918e+08 | AB18: 0 | AC18: 0 | AD18: 0 | AE18: 0 | AF18: 0 | AG18: 365287.89 | AH18: 1466.832 | AI18: 1587.1126 | AJ18: 0 | AK18: 449101 | AL18: 0 | AM18: 0 | AN18: 0 | AO18: 0 | AP18: 0 | AQ18: 0 | AR18: 28401.068 | AS18: 0 | AT18: 0 | AU18: 0 | AV18: 0 | AW18: 19186.103 | AX18: 0 | AY18: 0 | AZ18: 1485778.8 | BA18: 0 | BB18: 0 | BC18: 0 | BD18: 0 | BE18: 0 | BF18: 0 | BG18: 0 | BH18: 15.031072 | BI18: 0 | BJ18: 0 | BK18: 0 | BL18: 0 | BM18: 0 | BN18: 0 | BO18: 1 | BP18: 0
B19: 1 | D19: All | E19: 43549 | F19: 9283960.8 | G19: 1592.7123 | H19: 6094.4152 | I19: 0 | J19: 0 | K19: 4669.4551 | L19: 194113.78 | M19: 4263.3665 | N19: 1909.0906 | O19: 3270127.8 | P19: 13680.062 | Q19: 5093.1103 | R19: 174979.28 | S19: 13208.833 | T19: 995.28139 | U19: 646405.32 | V19: 6776.7154 | W19: 0 | X19: 10.22844 | Y19: 0.033977548 | Z19: 2.3107328 | AA19: 3.5580621e+08 | AB19: 0 | AC19: 0 | AD19: 0 | AE19: 0 | AF19: 0 | AG19: 1213088.5 | AH19: 5663.8375 | AI19: 476.88065 | AJ19: 346712.64 | AK19: 632548 | AL19: 0 | AM19: 0 | AN19: 0 | AO19: 0 | AP19: 0 | AQ19: 0 | AR19: 0 | AS19: 0 | AT19: 0 | AU19: 0 | AV19: 0 | AW19: 17619.136 | AX19: 0 | AY19: 0 | AZ19: 1261825.2 | BA19: 0 | BB19: 0 | BC19: 0 | BD19: 0 | BE19: 0 | BF19: 0 | BG19: 346712.64 | BH19: 12.57315 | BI19: 0 | BJ19: 0 | BK19: 0 | BL19: 0 | BM19: 0 | BN19: 0 | BO19: 0 | BP19: 0
B20: 1 | D20: All | E20: 43556 | F20: 8030813.2 | G20: 1411.4075 | H20: 5280.9621 | I20: 0 | J20: 0 | K20: 4353.6955 | L20: 208962.85 | M20: 3694.313 | N20: 804.15213 | O20: 932129.47 | P20: 4133.3607 | Q20: 5303.6167 | R20: 203297.67 | S20: 12834.149 | T20: 1772.5697 | U20: 477717.01 | V20: 5269.9098 | W20: 3000 | X20: 10.776179 | Y20: 0.48124695 | Z20: 3.3550964 | AA20: 3.0530716e+08 | AB20: 0 | AC20: 0 | AD20: 0 | AE20: 0 | AF20: 0 | AG20: 342759.83 | AH20: 1968.2189 | AI20: 12306.024 | AJ20: 0 | AK20: 367026 | AL20: 0 | AM20: 0 | AN20: 0 | AO20: 0 | AP20: 0 | AQ20: 0 | AR20: 59168.891 | AS20: 0 | AT20: 0 | AU20: 0 | AV20: 0 | AW20: 9911.1563 | AX20: 0 | AY20: 0 | AZ20: 776745.54 | BA20: 0 | BB20: 0 | BC20: 0 | BD20: 0 | BE20: 0 | BF20: 0 | BG20: 0 | BH20: 14.612522 | BI20: 0 | BJ20: 0 | BK20: 0 | BL20: 0 | BM20: 0 | BN20: 0 | BO20: 0 | BP20: 0
... B111: 1 | D111: All | E111: 44193 | F111: 5481824.2 | G111: 1677.6989 | H111: 16219.52 | I111: 0 | J111: -35.317458 | K111: 16333.625 | L111: 1173712.9 | M111: 11346.414 | N111: 15386.346 | O111: 8660576.7 | P111: 56061.991 | Q111: 8088.2027 | R111: 127000.99 | S111: 12319.752 | T111: 40.07549 | U111: 59596.657 | V111: 1072.7398 | W111: 1812 | X111: 17.748372 | Y111: 8.2164651 | Z111: 3.5181854 | AA111: 2.8733595e+08 | AB111: 0 | AC111: 0 | AD111: 0 | AE111: 626.16425 | AF111: 0 | AG111: 778984.46 | AH111: 3778.0326 | AI111: 0 | AJ111: 0 | AK111: 499268 | AL111: 172.72072 | AM111: 0 | AN111: 58.449217 | AO111: 0 | AP111: 2914031.3 | AQ111: 27056.96 | AR111: 0 | AS111: 0 | AT111: 0 | AU111: 0 | AV111: 0 | AW111: 39218.948 | AX111: 18749.434 | AY111: 20854669 | AZ111: 1939259.6 | BA111: 0 | BB111: 0 | BC111: 0 | BD111: 0 | BE111: 0 | BF111: 35426.906 | BG111: 0 | BH111: 29.483022 | BI111: 0 | BJ111: 0 | BK111: 0 | BL111: 0 | BM111: 0 | BN111: 0 | BO111: 0 | BP111: 0
B112: 0
B113: 0
B114: 0
B115: 0
B116: 0

Sheet IS
C2: Data R x C | D2: =ROWS(_xlfn.ANCHORARRAY(C5)) -> 104 | E2: =InputSheet!B4 -> 63
B4: Level | C4: Date | D4: {=_xlfn.ANCHORARRAY(InputSheet!F2)} -> sales | E4: bing_brand_search_clicks | F4: bing_brand_search_spend | G4: blackfriday_dummy | H4: covid_trend | I4: google_brand_search_clicks | J4: google_brand_search_imp | K4: google_brand_search_spend | L4: google_display_clicks | M4: google_display_imp | N4: google_display_spend | O4: google_nonbrand_search_clicks | P4: google_nonbrand_search_imp | Q4: google_nonbrand_search_spend | R4: google_video_clicks | S4: google_video_imp | T4: google_video_spend | U4: gwp_units_distributed | V4: launch_fragrance_trend | W4: launch_makeup_trend | X4: launch_skincare_trend | Y4: market_sales | Z4: mothersday_dummy | AA4: nongoogle_display_spend | AB4: nongoogle_video_spend | AC4: pinterest_awareness_imp | AD4: pinterest_awareness_spend | AE4: pinterest_conversion_imp | AF4: pinterest_conversion_spend | AG4: print_coop_spend | AH4: print_pure_spend | AI4: samples_quantity_distributed | AJ4: snap_awareness_imp | AK4: snap_awareness_spend | AL4: snap_conversion_imp | AM4: snap_conversion_spend | AN4: tiktok_awareness_imp | AO4: tiktok_awareness_spend | AP4: tv_coop_spend | AQ4: tv_pure_imp | AR4: tv_pure_spend +L1 | AS4: vday_dummy | AT4: xmas_dummy | AU4: youtube_video_spend | AV4: fbig_spend | AW4: fbig_imp +A60 | AX4: youtube_video_imp | AY4: outdoor_impressions +A20 | AZ4: outdoor_spend | BA4: covid_holiday_period | BB4: covid_xmas | BC4: tv_coop_spend_after_2020-04-13 | BD4: print_pure_spend_after_2020-04-13 +L1 | BE4: print_pure_spend_before_2020-04-13 | BF4: total_product_launch | BG4: week_before_laborday | BH4: week_before_vday +A30 | BI4: july_promo | BJ4: mothersday_2019 | BK4: blackfriday_2019 | BL4: friends_and_family_august_promo | BM4: flash_sale_promo | BN4: new_year
B5: {=_xlfn._xlws.FILTER(OFFSET(InputSheet!$D$8,0,0,InputSheet!$B$2,1),_xlfn.ANCHORARRAY(InputSheet!B8))} -> All | C5: {=_xlfn._xlws.FILTER(OFFSET(InputSheet!$E$8,0,0,InputSheet!$B$2,1),_xlfn.ANCHORARRAY(InputSheet!B8))} -> 43472 | D5: {=_xlfn._xlws.FILTER(OFFSET(InputSheet!$F$8,0,0,InputSheet!$B$2,InputSheet!$B$4),_xlfn.ANCHORARRAY(InputSheet!B8))} -> 6096762.5 | E5: 2900.8768 | F5: 8535.213 | G5: 0 | H5: 0 | I5: 6445.1076 | J5: 225599.02 | K5: 5970.834 | L5: 192.45043 | M5: 72160.543 | N5: 385.81377 | O5: 8048.5676 | P5: 301929.62 | Q5: 19863.905 | R5: 417.48972 | S5: 123341.35 | T5: 1587.0688 | U5: 21235 | V5: 0 | W5: 0.65777462 | X5: 0 | Y5: 2.4461557e+08 | Z5: 0 | AA5: 0 | AB5: 0 | AC5: 0 | AD5: 0 | AE5: 0 | AF5: 0 | AG5: 291.8426 | AH5: 68696.88 | AI5: 285111 | AJ5: 0 | AK5: 0 | AL5: 0 | AM5: 0 | AN5: 0 | AO5: 0 | AP5: 0 | AQ5: 0 | AR5: 0 | AS5: 0 | AT5: 0 | AU5: 6008.7616 | AV5: 0 | AW5: 0 | AX5: 532627.15 | AY5: 0 | AZ5: 0 | BA5: 0 | BB5: 0 | BC5: 0 | BD5: 0 | BE5: 68696.88 | BF5: 0.65777462 | BG5: 0 | BH5: 0 | BI5: 0 | BJ5: 0 | BK5: 0 | BL5: 0 | BM5: 0 | BN5: 0
B6: All | C6: 43479 | D6: 6089210.2 | E6: 2256.867 | F6: 7213.1737 | G6: 0 | H6: 0 | I6: 5744.4471 | J6: 207751.34 | K6: 5045.9974 | L6: 77.508639 | M6: 34493.547 | N6: 193.1763 | O6: 7100.4079 | P6: 270855.26 | Q6: 17575.176 | R6: 503.80616 | S6: 150301.58 | T6: 1892.74 | U6: 0 | V6: 0.038621946 | W6: 0.46331831 | X6: 0 | Y6: 2.5259263e+08 | Z6: 0 | AA6: 0 | AB6: 0 | AC6: 0 | AD6: 0 | AE6: 0 | AF6: 0 | AG6: 291.84229 | AH6: 128080.38 | AI6: 489603 | AJ6: 0 | AK6: 0 | AL6: 0 | AM6: 0 | AN6: 0 | AO6: 0 | AP6: 0 | AQ6: 0 | AR6: 0 | AS6: 0 | AT6: 0 | AU6: 4042.4816 | AV6: 0 | AW6: 0 | AX6: 363528.09 | AY6: 0 | AZ6: 0 | BA6: 0 | BB6: 0 | BC6: 0 | BD6: 0 | BE6: 128080.38 | BF6: 0.50194025 | BG6: 0 | BH6: 0 | BI6: 0 | BJ6: 0 | BK6: 0 | BL6: 0 | BM6: 0 | BN6: 0
B7: All | C7: 43486 | D7: 6508506.8 | E7: 834.12798 | F7: 7174.7345 | G7: 0 | H7: 0 | I7: 5925.4474 | J7: 211989.21 | K7: 5019.1072 | L7: 188.92731 | M7: 84085.864 | N7: 459.46324 | O7: 4985.6552 | P7: 198156.12 | Q7: 12181.654 | R7: 413.08582 | S7: 135798.22 | T7: 1711.4357 | U7: 0 | V7: 0.22152892 | W7: 0.37955382 | X7: 0 | Y7: 2.5558166e+08 | Z7: 0 | AA7: 0 | AB7: 0 | AC7: 0 | AD7: 0 | AE7: 0 | AF7: 0 | AG7: 291.84168 | AH7: 138871.58 | AI7: 302329 | AJ7: 0 | AK7: 0 | AL7: 0 | AM7: 0 | AN7: 0 | AO7: 0 | AP7: 0 | AQ7: 0 | AR7: 0 | AS7: 0 | AT7: 0 | AU7: 3810.1154 | AV7: 0 | AW7: 0 | AX7: 355039.52 | AY7: 0 | AZ7: 0 | BA7: 0 | BB7: 0 | BC7: 0 | BD7: 0 | BE7: 138871.58 | BF7: 0.60108275 | BG7: 0 | BH7: 0 | BI7: 0 | BJ7: 0 | BK7: 0 | BL7: 0 | BM7: 0 | BN7: 0
B8: All | C8: 43493 | D8: 7022937.1 | E8: 1875.3715 | F8: 7815.4707 | G8: 0 | H8: 0 | I8: 6411.1976 | J8: 261913.14 | K8: 5467.3361 | L8: 221.07578 | M8: 103102.34 | N8: 552.38057 | O8: 5072.412 | P8: 193075.78 | Q8: 12393.209 | R8: 726.20311 | S8: 313427.32 | T8: 3413.5203 | U8: 0 | V8: 0.023616164 | W8: 0 | X8: 0 | Y8: 2.4766957e+08 | Z8: 0 | AA8: 0 | AB8: 0 | AC8: 0 | AD8: 0 | AE8: 0 | AF8: 0 | AG8: 13837.331 | AH8: 0 | AI8: 371304 | AJ8: 0 | AK8: 0 | AL8: 0 | AM8: 0 | AN8: 0 | AO8: 0 | AP8: 0 | AQ8: 0 | AR8: 0 | AS8: 0 | AT8: 0 | AU8: 7283.5619 | AV8: 0 | AW8: 0 | AX8: 596112.99 | AY8: 0 | AZ8: 0 | BA8: 0 | BB8: 0 | BC8: 0 | BD8: 0 | BE8: 0 | BF8: 0.023616164 | BG8: 0 | BH8: 0 | BI8: 0 | BJ8: 0 | BK8: 0 | BL8: 0 | BM8: 0 | BN8: 0
B9: All | C9: 43500 | D9: 19633183 | E9: 2128.4428 | F9: 9028.5069 | G9: 0 | H9: 0 | I9: 7195.5322 | J9: 283329.31 | K9: 6315.9192 | L9: 1185.5299 | M9: 1881717.3 | N9: 6625.4674 | O9: 6423.0881 | P9: 227563.16 | Q9: 15256.219 | R9: 1536.9611 | S9: 1156974.1 | T9: 10973.407 | U9: 0 | V9: 0.032639321 | W9: 0.00132715 | X9: 0 | Y9: 3.0204759e+08 | Z9: 0 | AA9: 0 | AB9: 0 | AC9: 0 | AD9: 0 | AE9: 0 | AF9: 0 | AG9: 31897.984 | AH9: 102556.37 | AI9: 468574 | AJ9: 0 | AK9: 0 | AL9: 0 | AM9: 0 | AN9: 0 | AO9: 0 | AP9: 191864.99 | AQ9: 0 | AR9: 0 | AS9: 0 | AT9: 0 | AU9: 25594.411 | AV9: 0 | AW9: 0 | AX9: 2251435 | AY9: 0 | AZ9: 0 | BA9: 0 | BB9: 0 | BC9: 0 | BD9: 0 | BE9: 102556.37 | BF9: 0.033966471 | BG9: 0 | BH9: 1 | BI9: 0 | BJ9: 0 | BK9: 0 | BL9: 0 | BM9: 0 | BN9: 0
B10: All | C10: 43507 | D10: 12143474 | E10: 2207.1341 | F10: 9331.1159 | G10: 0 | H10: 0 | I10: 6759.9865 | J10: 293126.22 | K10: 6527.6103 | L10: 2989.8077 | M10: 5153010.8 | N10: 17620.744 | O10: 6428.8132 | P10: 230271.56 | Q10: 15424.668 | R10: 1894.1174 | S10: 1818067.3 | T10: 17235.529 | U10: 0 | V10: 0 | W10: 0.041399347 | X10: 0.00070642 | Y10: 3.4458308e+08 | Z10: 0 | AA10: 0 | AB10: 0 | AC10: 0 | AD10: 0 | AE10: 0 | AF10: 0 | AG10: 30455.078 | AH10: 0 | AI10: 208336 | AJ10: 0 | AK10: 0 | AL10: 0 | AM10: 0 | AN10: 0 | AO10: 0 | AP10: 191864.99 | AQ10: 0 | AR10: 0 | AS10: 1 | AT10: 0 | AU10: 28391.391 | AV10: 0 | AW10: 0 | AX10: 2549329 | AY10: 0 | AZ10: 0 | BA10: 0 | BB10: 0 | BC10: 0 | BD10: 0 | BE10: 0 | BF10: 0.042105767 | BG10: 0 | BH10: 0.3 | BI10: 0 | BJ10: 0 | BK10: 0 | BL10: 0 | BM10: 0 | BN10: 0
B11: All | C11: 43514 | D11: 9691781.5 | E11: 1704.7687 | F11: 7430.1603 | G11: 0 | H11: 0 | I11: 4640.8298 | J11: 161760.09 | K11: 5197.791 | L11: 1134.885 | M11: 1994596.3 | N11: 7583.5941 | O11: 6520.8547 | P11: 239695.47 | Q11: 15136.64 | R11: 1014.2182 | S11: 1171058.2 | T11: 10726.01 | U11: 0 | V11: 0 | W11: 0.019437 | X11: 0.042161779 | Y11: 2.956075e+08 | Z11: 0 | AA11: 0 | AB11: 0 | AC11: 0 | AD11: 0 | AE11: 0 | AF11: 0 | AG11: 12580.871 | AH11: 172271.21 | AI11: 829297 | AJ11: 0 | AK11: 0 | AL11: 0 | AM11: 0 | AN11: 0 | AO11: 0 | AP11: 191864.99 | AQ11: 0 | AR11: 0 | AS11: 0 | AT11: 0 | AU11: 12064.529 | AV11: 0 | AW11: 0 | AX11: 1120416 | AY11: 0 | AZ11: 0 | BA11: 0 | BB11: 0 | BC11: 0 | BD11: 0 | BE11: 172271.21 | BF11: 0.061598779 | BG11: 0 | BH11: 0.09 | BI11: 0 | BJ11: 0 | BK11: 0 | BL11: 0 | BM11: 0 | BN11: 0
B12: All | C12: 43521 | D12: 7689159.6 | E12: 1597.7485 | F12: 6198.8048 | G12: 0 | H12: 0 | I12: 3826.9891 | J12: 93100.647 | K12: 4336.3926 | L12: 1394.2747 | M12: 2431316.5 | N12: 8957.4623 | O12: 5998.9925 | P12: 229529.06 | Q12: 13790.822 | R12: 881.66077 | S12: 652310.07 | T12: 6222.9989 | U12: 0 | V12: 0.25167989 | W12: 0.0025707 | X12: 0.054890715 | Y12: 2.9142605e+08 | Z12: 0 | AA12: 0 | AB12: 0 | AC12: 0 | AD12: 0 | AE12: 0 | AF12: 0 | AG12: 13242.876 | AH12: 0 | AI12: 712828 | AJ12: 0 | AK12: 0 | AL12: 0 | AM12: 0 | AN12: 0 | AO12: 0 | AP12: 0 | AQ12: 0 | AR12: 0 | AS12: 0 | AT12: 0 | AU12: 9795.5138 | AV12: 0 | AW12: 0 | AX12: 901653.7 | AY12: 0 | AZ12: 0 | BA12: 0 | BB12: 0 | BC12: 0 | BD12: 0 | BE12: 0 | BF12: 0.3091413 | BG12: 0 | BH12: 0.027 | BI12: 0 | BJ12: 0 | BK12: 0 | BL12: 0 | BM12: 0 | BN12: 0
B13: All | C13: 43528 | D13: 10234522 | E13: 1814.3071 | F13: 7126.8902 | G13: 0 | H13: 0 | I13: 4476.5643 | J13: 171533.23 | K13: 4985.6375 | L13: 1411.4499 | M13: 2262162.7 | N13: 8559.8125 | O13: 5557.2814 | P13: 184579.78 | Q13: 13539.399 | R13: 1532.5572 | S13: 1031359.9 | T13: 9866.5972 | U13: 185897 | V13: 2.5620533 | W13: 0.0069388 | X13: 0.10726779 | Y13: 3.314311e+08 | Z13: 0 | AA13: 0 | AB13: 0 | AC13: 0 | AD13: 0 | AE13: 0 | AF13: 0 | AG13: 31621.187 | AH13: 0 | AI13: 673603 | AJ13: 0 | AK13: 0 | AL13: 0 | AM13: 0 | AN13: 0 | AO13: 0 | AP13: 28401.068 | AQ13: 0 | AR13: 0 | AS13: 0 | AT13: 0 | AU13: 9919.1396 | AV13: 0 | AW13: 0 | AX13: 885470.61 | AY13: 0 | AZ13: 0 | BA13: 0 | BB13: 0 | BC13: 0 | BD13: 0 | BE13: 0 | BF13: 2.6762598 | BG13: 0 | BH13: 0 | BI13: 0 | BJ13: 0 | BK13: 0 | BL13: 0 | BM13: 0 | BN13: 0
B14: All | C14: 43535 | D14: 9309029.2 | E14: 1716.1003 | F14: 9041.1667 | G14: 0 | H14: 0 | I14: 5948.3477 | J14: 275232.3 | K14: 6324.7754 | L14: 1650.1413 | M14: 2892995.4 | N14: 11191.914 | O14: 5203.6482 | P14: 171564.93 | Q14: 12826.262 | R14: 1916.5773 | S14: 1238496 | T14: 12756.787 | U14: 100412 | V14: 6.1382 | W14: 0.033388586 | X14: 1.0504388 | Y14: 3.1302486e+08 | Z14: 0 | AA14: 0 | AB14: 0 | AC14: 0 | AD14: 0 | AE14: 0 | AF14: 0 | AG14: 31806.192 | AH14: 124936.11 | AI14: 262005 | AJ14: 0 | AK14: 0 | AL14: 0 | AM14: 0 | AN14: 0 | AO14: 0 | AP14: 28401.068 | AQ14: 0 | AR14: 0 | AS14: 0 | AT14: 0 | AU14: 13554.999 | AV14: 0 | AW14: 0 | AX14: 1072549.2 | AY14: 0 | AZ14: 0 | BA14: 0 | BB14: 0 | BC14: 0 | BD14: 0 | BE14: 124936.11 | BF14: 7.2220274 | BG14: 0 | BH14: 0 | BI14: 0 | BJ14: 0 | BK14: 0 | BL14: 0 | BM14: 0 | BN14: 0
B15: All | C15: 43542 | D15: 12102723 | E15: 1461.1404 | F15: 9687.5569 | G15: 0 | H15: 0 | I15: 6383.0126 | J15: 302482.75 | K15: 6776.9596 | L15: 2128.4049 | M15: 3771744.4 | N15: 14381.077 | O15: 4656.6838 | P15: 160591.3 | Q15: 11685.269 | R15: 1142.812 | S15: 950705.56 | T15: 9198.0748 | U15: 3528 | V15: 13.436133 | W15: 0.0099693 | X15: 1.5849695 | Y15: 3.7821918e+08 | Z15: 0 | AA15: 0 | AB15: 0 | AC15: 0 | AD15: 0 | AE15: 365287.89 | AF15: 1466.832 | AG15: 1587.1126 | AH15: 0 | AI15: 449101 | AJ15: 0 | AK15: 0 | AL15: 0 | AM15: 0 | AN15: 0 | AO15: 0 | AP15: 28401.068 | AQ15: 0 | AR15: 0 | AS15: 0 | AT15: 0 | AU15: 19186.103 | AV15: 0 | AW15: 0 | AX15: 1485778.8 | AY15: 0 | AZ15: 0 | BA15: 0 | BB15: 0 | BC15: 0 | BD15: 0 | BE15: 0 | BF15: 15.031072 | BG15: 0 | BH15: 0 | BI15: 0 | BJ15: 0 | BK15: 0 | BL15: 0 | BM15: 1 | BN15: 0
B16: All | C16: 43549 | D16: 9283960.8 | E16: 1592.7123 | F16: 6094.4152 | G16: 0 | H16: 0 | I16: 4669.4551 | J16: 194113.78 | K16: 4263.3665 | L16: 1909.0906 | M16: 3270127.8 | N16: 13680.062 | O16: 5093.1103 | P16: 174979.28 | Q16: 13208.833 | R16: 995.28139 | S16: 646405.32 | T16: 6776.7154 | U16: 0 | V16: 10.22844 | W16: 0.033977548 | X16: 2.3107328 | Y16: 3.5580621e+08 | Z16: 0 | AA16: 0 | AB16: 0 | AC16: 0 | AD16: 0 | AE16: 1213088.5 | AF16: 5663.8375 | AG16: 476.88065 | AH16: 346712.64 | AI16: 632548 | AJ16: 0 | AK16: 0 | AL16: 0 | AM16: 0 | AN16: 0 | AO16: 0 | AP16: 0 | AQ16: 0 | AR16: 0 | AS16: 0 | AT16: 0 | AU16: 17619.136 | AV16: 0 | AW16: 0 | AX16: 1261825.2 | AY16: 0 | AZ16: 0 | BA16: 0 | BB16: 0 | BC16: 0 | BD16: 0 | BE16: 346712.64 | BF16: 12.57315 | BG16: 0 | BH16: 0 | BI16: 0 | BJ16: 0 | BK16: 0 | BL16: 0 | BM16: 0 | BN16: 0
B17: All | C17: 43556 | D17: 8030813.2 | E17: 1411.4075 | F17: 5280.9621 | G17: 0 | H17: 0 | I17: 4353.6955 | J17: 208962.85 | K17: 3694.313 | L17: 804.15213 | M17: 932129.47 | N17: 4133.3607 | O17: 5303.6167 | P17: 203297.67 | Q17: 12834.149 | R17: 1772.5697 | S17: 477717.01 | T17: 5269.9098 | U17: 3000 | V17: 10.776179 | W17: 0.48124695 | X17: 3.3550964 | Y17: 3.0530716e+08 | Z17: 0 | AA17: 0 | AB17: 0 | AC17: 0 | AD17: 0 | AE17: 342759.83 | AF17: 1968.2189 | AG17: 12306.024 | AH17: 0 | AI17: 367026 | AJ17: 0 | AK17: 0 | AL17: 0 | AM17: 0 | AN17: 0 | AO17: 0 | AP17: 59168.891 | AQ17: 0 | AR17: 0 | AS17: 0 | AT17: 0 | AU17: 9911.1563 | AV17: 0 | AW17: 0 | AX17: 776745.54 | AY17: 0 | AZ17: 0 | BA17: 0 | BB17: 0 | BC17: 0 | BD17: 0 | BE17: 0 | BF17: 14.612522 | BG17: 0 | BH17: 0 | BI17: 0 | BJ17: 0 | BK17: 0 | BL17: 0 | BM17: 0 | BN17: 0
... B108: All | C108: 44193 | D108: 5481824.2 | E108: 1677.6989 | F108: 16219.52 | G108: 0 | H108: -35.317458 | I108: 16333.625 | J108: 1173712.9 | K108: 11346.414 | L108: 15386.346 | M108: 8660576.7 | N108: 56061.991 | O108: 8088.2027 | P108: 127000.99 | Q108: 12319.752 | R108: 40.07549 | S108: 59596.657 | T108: 1072.7398 | U108: 1812 | V108: 17.748372 | W108: 8.2164651 | X108: 3.5181854 | Y108: 2.8733595e+08 | Z108: 0 | AA108: 0 | AB108: 0 | AC108: 626.16425 | AD108: 0 | AE108: 778984.46 | AF108: 3778.0326 | AG108: 0 | AH108: 0 | AI108: 499268 | AJ108: 172.72072 | AK108: 0 | AL108: 58.449217 | AM108: 0 | AN108: 2914031.3 | AO108: 27056.96 | AP108: 0 | AQ108: 0 | AR108: 0 | AS108: 0 | AT108: 0 | AU108: 39218.948 | AV108: 18749.434 | AW108: 20854669 | AX108: 1939259.6 | AY108: 0 | AZ108: 0 | BA108: 0 | BB108: 0 | BC108: 0 | BD108: 35426.906 | BE108: 0 | BF108: 29.483022 | BG108: 0 | BH108: 0 | BI108: 0 | BJ108: 0 | BK108: 0 | BL108: 0 | BM108: 0 | BN108: 0

Sheet Model
B1: ='Summary Data'!L3 -> 3 | C1: =COUNTA(G:G)-1 -> 35 | E1: ="'"&G1&"':{"&IF(H1="",""," 'lag':"&H1&",")&IF(I1="",""," 'adstock':"&I1&",")&IF(J1="",""," 'saturation':"&J1&",")&" 'coeff':"&K1&"}," -> '':{ 'coeff':},
C3: Note: if N/A's, update InputSheet tab
B4: Group 1 | C4: Source | E4: Freeze | F4: Notes | G4: Feature | H4: Lag | I4: Adstock | K4: Coeff | L4: T-stat | N4: Excel Name | O4: Tail Factor
B5: {=VLOOKUP(OFFSET($G$4,1,0,$C$1,1),feat[[Feature]:[Group 1]],2,0)} -> Seasonality | C5: {=MATCH(_xlfn.ANCHORARRAY(N5),_xlfn.ANCHORARRAY(IS!D4),0)} -> 60 | E5: ="'"&G5&"':{"&IF(H5="",""," 'lag': "&H5&",")&IF(I5="",""," 'adstock': "&I5&",")&IF(J5="",""," 'saturation': {'saturation_type': 'hill', 'S': "&INT(J5)&", 'K': "&MOD(J5,1)&"},")&" 'coeff': "&K5&"}," -> 'blackfriday_2019':{ 'lag': 0, 'adstock': 0, 'coeff': 3763559.37277432}, | G5: blackfriday_2019 | H5: 0 | I5: 0 | K5: 3763559.4 | L5: 3.5441694 | N5: {=OFFSET(G$4,1,0,$C$1,1)&TEXT(OFFSET(H$4,1,0,$C$1,1)," +L0;;;")&TEXT(OFFSET(I$4,1,0,$C$1,1)*100," +A0;;;")&TEXT(OFFSET(J$4,1,0,$C$1,1)," +""S""0.0;;;")} -> blackfriday_2019 | O5: {=(1-OFFSET(I4,1,0,$C$1,1)^100)/(1-OFFSET(I4,1,0,C1,1))-1} -> 0
B6: Seasonality | C6: 58 | E6: ="'"&G6&"':{"&IF(H6="",""," 'lag': "&H6&",")&IF(I6="",""," 'adstock': "&I6&",")&IF(J6="",""," 'saturation': {'saturation_type': 'hill', 'S': "&INT(J6)&", 'K': "&MOD(J6,1)&"},")&" 'coeff': "&K6&"}," -> 'july_promo':{ 'lag': 0, 'adstock': 0, 'coeff': 2258006.45629113}, | G6: july_promo | H6: 0 | I6: 0 | K6: 2258006.5 | L6: 3.0312712 | N6: july_promo | O6: 0
B7: Seasonality | C7: 43 | E7: ="'"&G7&"':{"&IF(H7="",""," 'lag': "&H7&",")&IF(I7="",""," 'adstock': "&I7&",")&IF(J7="",""," 'saturation': {'saturation_type': 'hill', 'S': "&INT(J7)&", 'K': "&MOD(J7,1)&"},")&" 'coeff': "&K7&"}," -> 'xmas_dummy':{ 'lag': 0, 'adstock': 0, 'coeff': -1294895.22821243}, | G7: xmas_dummy | H7: 0 | I7: 0 | K7: -1294895.2 | L7: -1.7051017 | N7: xmas_dummy | O7: 0
B8: GWP | C8: 62 | E8: ="'"&G8&"':{"&IF(H8="",""," 'lag': "&H8&",")&IF(I8="",""," 'adstock': "&I8&",")&IF(J8="",""," 'saturation': {'saturation_type': 'hill', 'S': "&INT(J8)&", 'K': "&MOD(J8,1)&"},")&" 'coeff': "&K8&"}," -> 'flash_sale_promo':{ 'lag': 0, 'adstock': 0, 'coeff': 2561008.43653139}, | G8: flash_sale_promo | H8: 0 | I8: 0 | K8: 2561008.4 | L8: 4.235376 | N8: flash_sale_promo | O8: 0
B9: Covid | C9: 5 | E9: ="'"&G9&"':{"&IF(H9="",""," 'lag': "&H9&",")&IF(I9="",""," 'adstock': "&I9&",")&IF(J9="",""," 'saturation': {'saturation_type': 'hill', 'S': "&INT(J9)&", 'K': "&MOD(J9,1)&"},")&" 'coeff': "&K9&"}," -> 'covid_trend':{ 'lag': 0, 'adstock': 0, 'coeff': 60357.349850606}, | G9: covid_trend | H9: 0 | I9: 0 | K9: 60357.35 | L9: 7.6350079 | N9: covid_trend | O9: 0
B10: Samples | C10: 32 | E10: ="'"&G10&"':{"&IF(H10="",""," 'lag': "&H10&",")&IF(I10="",""," 'adstock': "&I10&",")&IF(J10="",""," 'saturation': {'saturation_type': 'hill', 'S': "&INT(J10)&", 'K': "&MOD(J10,1)&"},")&" 'coeff': "&K10&"}," -> 'samples_quantity_distributed':{ 'lag': 0, 'adstock': 0, 'coeff': 1.43861046988365}, | G10: samples_quantity_distributed | H10: 0 | I10: 0 | K10: 1.4386105 | L10: 4.5334787 | N10: samples_quantity_distributed | O10: 0
B11: Facebook Instagram | C11: 46 | E11: ="'"&G11&"':{"&IF(H11="",""," 'lag': "&H11&",")&IF(I11="",""," 'adstock': "&I11&",")&IF(J11="",""," 'saturation': {'saturation_type': 'hill', 'S': "&INT(J11)&", 'K': "&MOD(J11,1)&"},")&" 'coeff': "&K11&"}," -> 'fbig_imp':{ 'lag': 0, 'adstock': 0.6, 'coeff': 0.0519931096026133}, | G11: fbig_imp | H11: 0 | I11: 0.6 | K11: 0.05199311 | L11: 4.7137717 | N11: fbig_imp +A60 | O11: 1.5
B12: Outdoor | C12: 48 | E12: ="'"&G12&"':{"&IF(H12="",""," 'lag': "&H12&",")&IF(I12="",""," 'adstock': "&I12&",")&IF(J12="",""," 'saturation': {'saturation_type': 'hill', 'S': "&INT(J12)&", 'K': "&MOD(J12,1)&"},")&" 'coeff': "&K12&"}," -> 'outdoor_impressions':{ 'lag': 0, 'adstock': 0.2, 'coeff': 0.101981686277872}, | G12: outdoor_impressions | H12: 0 | I12: 0.2 | K12: 0.10198169 | L12: 1.524268 | N12: outdoor_impressions +A20 | O12: 0.25
B13: #N/A | C13: 63 | E13: ="'"&G13&"':{"&IF(H13="",""," 'lag': "&H13&",")&IF(I13="",""," 'adstock': "&I13&",")&IF(J13="",""," 'saturation': {'saturation_type': 'hill', 'S': "&INT(J13)&", 'K': "&MOD(J13,1)&"},")&" 'coeff': "&K13&"}," -> 'new_year':{ 'lag': 0, 'adstock': 0, 'coeff': -488630.623596446}, | G13: new_year | H13: 0 | I13: 0 | K13: -488630.62 | L13: -0.46699037 | N13: new_year | O13: 0
B14: Seasonality | C14: 59 | E14: ="'"&G14&"':{"&IF(H14="",""," 'lag': "&H14&",")&IF(I14="",""," 'adstock': "&I14&",")&IF(J14="",""," 'saturation': {'saturation_type': 'hill', 'S': "&INT(J14)&", 'K': "&MOD(J14,1)&"},")&" 'coeff': "&K14&"}," -> 'mothersday_2019':{ 'lag': 0, 'adstock': 0, 'coeff': 12000000}, | G14: mothersday_2019 | H14: 0 | I14: 0 | K14: 12000000 | L14: 0 | N14: mothersday_2019 | O14: 0
B15: Seasonality | C15: 57 | E15: ="'"&G15&"':{"&IF(H15="",""," 'lag': "&H15&",")&IF(I15="",""," 'adstock': "&I15&",")&IF(J15="",""," 'saturation': {'saturation_type': 'hill', 'S': "&INT(J15)&", 'K': "&MOD(J15,1)&"},")&" 'coeff': "&K15&"}," -> 'week_before_vday':{ 'lag': 0, 'adstock': 0.3, 'coeff': 9000000}, | G15: week_before_vday | H15: 0 | I15: 0.3 | K15: 9000000 | L15: 0 | N15: week_before_vday +A30 | O15: 0.42857143
B16: Market | C16: 22 | E16: ="'"&G16&"':{"&IF(H16="",""," 'lag': "&H16&",")&IF(I16="",""," 'adstock': "&I16&",")&IF(J16="",""," 'saturation': {'saturation_type': 'hill', 'S': "&INT(J16)&", 'K': "&MOD(J16,1)&"},")&" 'coeff': "&K16&"}," -> 'market_sales':{ 'lag': 0, 'adstock': 0, 'coeff': 0.022}, | G16: market_sales | H16: 0 | I16: 0 | K16: 0.022 | L16: 0 | N16: market_sales | O16: 0
B17: Seasonality | C17: 50 | E17: ="'"&G17&"':{"&IF(H17="",""," 'lag': "&H17&",")&IF(I17="",""," 'adstock': "&I17&",")&IF(J17="",""," 'saturation': {'saturation_type': 'hill', 'S': "&INT(J17)&", 'K': "&MOD(J17,1)&"},")&" 'coeff': "&K17&"}," -> 'covid_holiday_period':{ 'lag': 0, 'adstock': 0, 'coeff': -1149319}, | G17: covid_holiday_period | H17: 0 | I17: 0 | K17: -1149319 | L17: 0 | N17: covid_holiday_period | O17: 0
B18: Seasonality | C18: 51 | E18: ="'"&G18&"':{"&IF(H18="",""," 'lag': "&H18&",")&IF(I18="",""," 'adstock': "&I18&",")&IF(J18="",""," 'saturation': {'saturation_type': 'hill', 'S': "&INT(J18)&", 'K': "&MOD(J18,1)&"},")&" 'coeff': "&K18&"}," -> 'covid_xmas':{ 'lag': 0, 'adstock': 0, 'coeff': -1732296}, | G18: covid_xmas | H18: 0 | I18: 0 | K18: -1732296 | L18: 0 | N18: covid_xmas | O18: 0
B19: Product Launch | C19: 55 | E19: ="'"&G19&"':{"&IF(H19="",""," 'lag': "&H19&",")&IF(I19="",""," 'adstock': "&I19&",")&IF(J19="",""," 'saturation': {'saturation_type': 'hill', 'S': "&INT(J19)&", 'K': "&MOD(J19,1)&"},")&" 'coeff': "&K19&"}," -> 'total_product_launch':{ 'lag': 0, 'adstock': 0, 'coeff': 2840.642889}, | G19: total_product_launch | H19: 0 | I19: 0 | K19: 2840.6429 | L19: 0 | N19: total_product_launch | O19: 0
B20: GWP | C20: 18 | E20: ="'"&G20&"':{"&IF(H20="",""," 'lag': "&H20&",")&IF(I20="",""," 'adstock': "&I20&",")&IF(J20="",""," 'saturation': {'saturation_type': 'hill', 'S': "&INT(J20)&", 'K': "&MOD(J20,1)&"},")&" 'coeff': "&K20&"}," -> 'gwp_units_distributed':{ 'lag': 0, 'adstock': 0, 'coeff': 9.734768}, | G20: gwp_units_distributed | H20: 0 | I20: 0 | K20: 9.734768 | L20: 0 | N20: gwp_units_distributed | O20: 0
B21: GWP | C21: 61 | E21: ="'"&G21&"':{"&IF(H21="",""," 'lag': "&H21&",")&IF(I21="",""," 'adstock': "&I21&",")&IF(J21="",""," 'saturation': {'saturation_type': 'hill', 'S': "&INT(J21)&", 'K': "&MOD(J21,1)&"},")&" 'coeff': "&K21&"}," -> 'friends_and_family_august_promo':{ 'lag': 0, 'adstock': 0, 'coeff': 4000000}, | G21: friends_and_family_august_promo | H21: 0 | I21: 0 | K21: 4000000 | L21: 0 | N21: friends_and_family_august_promo | O21: 0
B22: TV - Pure | C22: 41 | E22: ="'"&G22&"':{"&IF(H22="",""," 'lag': "&H22&",")&IF(I22="",""," 'adstock': "&I22&",")&IF(J22="",""," 'saturation': {'saturation_type': 'hill', 'S': "&INT(J22)&", 'K': "&MOD(J22,1)&"},")&" 'coeff': "&K22&"}," -> 'tv_pure_spend':{ 'lag': 1, 'adstock': 0, 'coeff': 1.1}, | G22: tv_pure_spend | H22: 1 | I22: 0 | K22: 1.1 | L22: 0 | N22: tv_pure_spend +L1 | O22: 0
B23: TV - Coop | C23: 39 | E23: ="'"&G23&"':{"&IF(H23="",""," 'lag': "&H23&",")&IF(I23="",""," 'adstock': "&I23&",")&IF(J23="",""," 'saturation': {'saturation_type': 'hill', 'S': "&INT(J23)&", 'K': "&MOD(J23,1)&"},")&" 'coeff': "&K23&"}," -> 'tv_coop_spend':{ 'lag': 0, 'adstock': 0, 'coeff': 4.5}, | G23: tv_coop_spend | H23: 0 | I23: 0 | K23: 4.5 | L23: 0 | N23: tv_coop_spend | O23: 0
B24: TV - Coop | C24: 52 | E24: ="'"&G24&"':{"&IF(H24="",""," 'lag': "&H24&",")&IF(I24="",""," 'adstock': "&I24&",")&IF(J24="",""," 'saturation': {'saturation_type': 'hill', 'S': "&INT(J24)&", 'K': "&MOD(J24,1)&"},")&" 'coeff': "&K24&"}," -> 'tv_coop_spend_after_2020-04-13':{ 'lag': 0, 'adstock': 0, 'coeff': -2.5}, | G24: tv_coop_spend_after_2020-04-13 | H24: 0 | I24: 0 | K24: -2.5 | L24: 0 | N24: tv_coop_spend_after_2020-04-13 | O24: 0
B25: Print - Pure | C25: 54 | E25: ="'"&G25&"':{"&IF(H25="",""," 'lag': "&H25&",")&IF(I25="",""," 'adstock': "&I25&",")&IF(J25="",""," 'saturation': {'saturation_type': 'hill', 'S': "&INT(J25)&", 'K': "&MOD(J25,1)&"},")&" 'coeff': "&K25&"}," -> 'print_pure_spend_before_2020-04-13':{ 'lag': 0, 'adstock': 0, 'coeff': 1.3}, | G25: print_pure_spend_before_2020-04-13 | H25: 0 | I25: 0 | K25: 1.3 | L25: 0 | N25: print_pure_spend_before_2020-04-13 | O25: 0
... B39: Display | C39: 24 | E39: ="'"&G39&"':{"&IF(H39="",""," 'lag': "&H39&",")&IF(I39="",""," 'adstock': "&I39&",")&IF(J39="",""," 'saturation': {'saturation_type': 'hill', 'S': "&INT(J39)&", 'K': "&MOD(J39,1)&"},")&" 'coeff': "&K39&"}," -> 'nongoogle_display_spend':{ 'lag': 0, 'adstock': 0, 'coeff': 0.014703}, | G39: nongoogle_display_spend | H39: 0 | I39: 0 | K39: 0.014703 | L39: 0 | N39: nongoogle_display_spend | O39: 0
E40: ="'"&G40&"':{"&IF(H40="",""," 'lag': "&H40&",")&IF(I40="",""," 'adstock': "&I40&",")&IF(J40="",""," 'saturation': {'saturation_type': 'hill', 'S': "&INT(J40)&", 'K': "&MOD(J40,1)&"},")&" 'coeff': "&K40&"}," -> '':{ 'coeff': },
E41: ="'"&G41&"':{"&IF(H41="",""," 'lag': "&H41&",")&IF(I41="",""," 'adstock': "&I41&",")&IF(J41="",""," 'saturation': {'saturation_type': 'hill', 'S': "&INT(J41)&", 'K': "&MOD(J41,1)&"},")&" 'coeff': "&K41&"}," -> '':{ 'coeff': },
E42: ="'"&G42&"':{"&IF(H42="",""," 'lag': "&H42&",")&IF(I42="",""," 'adstock': "&I42&",")&IF(J42="",""," 'saturation': {'saturation_type': 'hill', 'S': "&INT(J42)&", 'K': "&MOD(J42,1)&"},")&" 'coeff': "&K42&"}," -> '':{ 'coeff': },
E43: ="'"&G43&"':{"&IF(H43="",""," 'lag': "&H43&",")&IF(I43="",""," 'adstock': "&I43&",")&IF(J43="",""," 'saturation': {'saturation_type': 'hill', 'S': "&INT(J43)&", 'K': "&MOD(J43,1)&"},")&" 'coeff': "&K43&"}," -> '':{ 'coeff': },
E44: ="'"&G44&"':{"&IF(H44="",""," 'lag': "&H44&",")&IF(I44="",""," 'adstock': "&I44&",")&IF(J44="",""," 'saturation': {'saturation_type': 'hill', 'S': "&INT(J44)&", 'K': "&MOD(J44,1)&"},")&" 'coeff': "&K44&"}," -> '':{ 'coeff': },
E45: ="'"&G45&"':{"&IF(H45="",""," 'lag': "&H45&",")&IF(I45="",""," 'adstock': "&I45&",")&IF(J45="",""," 'saturation': {'saturation_type': 'hill', 'S': "&INT(J45)&", 'K': "&MOD(J45,1)&"},")&" 'coeff': "&K45&"}," -> '':{ 'coeff': },
E46: ="'"&G46&"':{"&IF(H46="",""," 'lag': "&H46&",")&IF(I46="",""," 'adstock': "&I46&",")&IF(J46="",""," 'saturation': {'saturation_type': 'hill', 'S': "&INT(J46)&", 'K': "&MOD(J46,1)&"},")&" 'coeff': "&K46&"}," -> '':{ 'coeff': },
E47: ="'"&G47&"':{"&IF(H47="",""," 'lag': "&H47&",")&IF(I47="",""," 'adstock': "&I47&",")&IF(J47="",""," 'saturation': {'saturation_type': 'hill', 'S': "&INT(J47)&", 'K': "&MOD(J47,1)&"},")&" 'coeff': "&K47&"}," -> '':{ 'coeff': },
E48: ="'"&G48&"':{"&IF(H48="",""," 'lag': "&H48&",")&IF(I48="",""," 'adstock': "&I48&",")&IF(J48="",""," 'saturation': {'saturation_type': 'hill', 'S': "&INT(J48)&", 'K': "&MOD(J48,1)&"},")&" 'coeff': "&K48&"}," -> '':{ 'coeff': },
E49: ="'"&G49&"':{"&IF(H49="",""," 'lag': "&H49&",")&IF(I49="",""," 'adstock': "&I49&",")&IF(J49="",""," 'saturation': {'saturation_type': 'hill', 'S': "&INT(J49)&", 'K': "&MOD(J49,1)&"},")&" 'coeff': "&K49&"}," -> '':{ 'coeff': },
E50: ="'"&G50&"':{"&IF(H50="",""," 'lag': "&H50&",")&IF(I50="",""," 'adstock': "&I50&",")&IF(J50="",""," 'saturation': {'saturation_type': 'hill', 'S': "&INT(J50)&", 'K': "&MOD(J50,1)&"},")&" 'coeff': "&K50&"}," -> '':{ 'coeff': },
E51: ="'"&G51&"':{"&IF(H51="",""," 'lag': "&H51&",")&IF(I51="",""," 'adstock': "&I51&",")&IF(J51="",""," 'saturation': {'saturation_type': 'hill', 'S': "&INT(J51)&", 'K': "&MOD(J51,1)&"},")&" 'coeff': "&K51&"}," -> '':{ 'coeff': },
... E207: ="'"&G207&"':{"&IF(H207="",""," 'lag': "&H207&",")&IF(I207="",""," 'adstock': "&I207&",")&IF(J207="",""," 'saturation': {'saturation_type': 'hill', 'S': "&INT(J207)&", 'K': "&MOD(J207,1)&"},")&" 'coeff': "&K207&"}," -> '':{ 'coeff': },

Sheet Actual vs Predicted
E5: Hide Resid
E6: FALSE
D20: vars | E20: =Model!$C$1 -> 35
D21: Dates | E21: =Setup!E8 -> 104
E26: Summary Ranges
E27: Start | End
D28: =Setup!I9 -> 43836 | E28: =MATCH(D28,_xlfn.ANCHORARRAY($U$52),0) -> 53
D29: Length | E29: =E30-E28+1 -> 52
D30: =Setup!J9 -> 44193 | E30: =MATCH(D30,_xlfn.ANCHORARRAY($U$52),0) -> 104
V31: Lag | W31: {=TRANSPOSE(OFFSET(Model!$H$4,1,0,E20,1))} -> 0 | X31: 0 | Y31: 0 | Z31: 0 | AA31: 0 | AB31: 0 | AC31: 0 | AD31: 0 | AE31: 0 | AF31: 0 | AG31: 0 | AH31: 0 | AI31: 0 | AJ31: 0 | AK31: 0 | AL31: 0 | AM31: 0 | AN31: 1 | AO31: 0 | AP31: 0 | AQ31: 0 | AR31: 1 | AS31: 0 | AT31: 0 | AU31: 0 | AV31: 0 | AW31: 0 | AX31: 0 | AY31: 0 | AZ31: 0 | BA31: 0 | BB31: 0 | BC31: 0 | BD31: 0 | BE31: 0
D32: =Setup!I10 -> 44046 | E32: =MATCH(D32,_xlfn.ANCHORARRAY($U$52),0) -> 83 | V32: Col | W32: {=_xlfn.SEQUENCE(1,E20)} -> 1 | X32: 2 | Y32: 3 | Z32: 4 | AA32: 5 | AB32: 6 | AC32: 7 | AD32: 8 | AE32: 9 | AF32: 10 | AG32: 11 | AH32: 12 | AI32: 13 | AJ32: 14 | AK32: 15 | AL32: 16 | AM32: 17 | AN32: 18 | AO32: 19 | AP32: 20 | AQ32: 21 | AR32: 22 | AS32: 23 | AT32: 24 | AU32: 25 | AV32: 26 | AW32: 27 | AX32: 28 | AY32: 29 | AZ32: 30 | BA32: 31 | BB32: 32 | BC32: 33 | BD32: 34 | BE32: 35
D33: Length | E33: =E34-E32+1 -> 22 | V33: Src | W33: {=TRANSPOSE(_xlfn.ANCHORARRAY(Model!C5))} -> 60 | X33: 58 | Y33: 43 | Z33: 62 | AA33: 5 | AB33: 32 | AC33: 46 | AD33: 48 | AE33: 63 | AF33: 59 | AG33: 57 | AH33: 22 | AI33: 50 | AJ33: 51 | AK33: 55 | AL33: 18 | AM33: 61 | AN33: 41 | AO33: 39 | AP33: 52 | AQ33: 54 | AR33: 53 | AS33: 30 | AT33: 7 | AU33: 13 | AV33: 2 | AW33: 26 | AX33: 28 | AY33: 33 | AZ33: 35 | BA33: 16 | BB33: 47 | BC33: 25 | BD33: 10 | BE33: 24
D34: =Setup!J10 -> 44193 | E34: =MATCH(D34,_xlfn.ANCHORARRAY($U$52),0) -> 104 | V34: Tail Factor | W34: {=TRANSPOSE(_xlfn.ANCHORARRAY(Model!O5))} -> 0 | X34: 0 | Y34: 0 | Z34: 0 | AA34: 0 | AB34: 0 | AC34: 1.5 | AD34: 0.25 | AE34: 0 | AF34: 0 | AG34: 0.42857143 | AH34: 0 | AI34: 0 | AJ34: 0 | AK34: 0 | AL34: 0 | AM34: 0 | AN34: 0 | AO34: 0 | AP34: 0 | AQ34: 0 | AR34: 0 | AS34: 0 | AT34: 0 | AU34: 0 | AV34: 0 | AW34: 0 | AX34: 0 | AY34: 0 | AZ34: 0 | BA34: 0 | BB34: 0 | BC34: 0 | BD34: 0 | BE34: 0
V35: P1 Tails | W35: {=_xlfn.ANCHORARRAY(W43)+(SUMIF(OFFSET(V51,E30+_xlfn.ANCHORARRAY(W31),_xlfn.ANCHORARRAY(W32)),"<>0")-SUMIF(OFFSET(V51,E28-1+_xlfn.ANCHORARRAY(W31),_xlfn.ANCHORARRAY(W32)),"<>0"))*_xlfn.ANCHORARRAY(W34)+IF(_xlfn.ANCHORARRAY(W31),SUMIF(OFFSET(V51,E30+1,_xlfn.ANCHORARRAY(W32),_xlfn.ANCHORARRAY(W31),1),"<>0")-SUMIF(OFFSET(V51,E28,_xlfn.ANCHORARRAY(W32),_xlfn.ANCHORARRAY(W31)),"<>0"),0)} -> 0 | X35: 2258006.5 | Y35: -1294895.2 | Z35: 2561008.4 | AA35: -63046262 | AB35: 18552128 | AC35: 34611048 | AD35: 3461829.5 | AE35: -488630.62 | AF35: 0 | AG35: 12753000 | AH35: 3.0906996e+08 | AI35: -9194552 | AJ35: -3464592 | AK35: 3177112.2 | AL35: 182828.68 | AM35: 4000000 | AN35: 1496437.7 | AO35: 8806816.1 | AP35: -4022892.9 | AQ35: 1102424.9 | AR35: 2107447.4 | AS35: 1468044.7 | AT35: 13275050 | AU35: 3452578.2 | AV35: 3104861.1 | AW35: 523.05137 | AX35: 317558.36 | AY35: 491467.86 | AZ35: 745147.99 | BA35: 382088.46 | BB35: 8874748.2 | BC35: 9485.1938 | BD35: 5726895.6 | BE35: 155.75667
D36: =Setup!I11 -> 0 | E36: =MATCH(D36,_xlfn.ANCHORARRAY($U$52),0) -> #N/A | V36: P2 Tails | W36: {=_xlfn.ANCHORARRAY(W44)+(SUMIF(OFFSET(V51,E34+_xlfn.ANCHORARRAY(W31),_xlfn.ANCHORARRAY(W32)),"<>0")-SUMIF(OFFSET(V51,E32-1+_xlfn.ANCHORARRAY(W31),_xlfn.ANCHORARRAY(W32)),"<>0"))*_xlfn.ANCHORARRAY(W34)+IF(_xlfn.ANCHORARRAY(W31),SUMIF(OFFSET(V51,E34+1,_xlfn.ANCHORARRAY(W32),_xlfn.ANCHORARRAY(W31),1),"<>0")-SUMIF(OFFSET(V51,E32,_xlfn.ANCHORARRAY(W32),_xlfn.ANCHORARRAY(W31)),"<>0"),0)} -> 0 | X36: 0 | Y36: -1294895.2 | Z36: 0 | AA36: -29077620 | AB36: 8780425.2 | AC36: 22127941 | AD36: 3461829.5 | AE36: 0 | AF36: 0 | AG36: 0 | AH36: 1.634836e+08 | AI36: -9194552 | AJ36: -3464592 | AK36: 1415278.7 | AL36: 182828.68 | AM36: 4000000 | AN36: 1496437.7 | AO36: 5258102.7 | AP36: -2921168.2 | AQ36: 0 | AR36: 1100608.7 | AS36: 339696.24 | AT36: 11754794 | AU36: 1885195.7 | AV36: 1449049.7 | AW36: 518.02364 | AX36: 153994.49 | AY36: 491467.86 | AZ36: 745147.99 | BA36: 177510.67 | BB36: 5960215.4 | BC36: 8947.2098 | BD36: 4411714.8 | BE36: 0
D37: Length | E37: =E38-E36+1 -> #N/A | V37: P3 Tails | W37: {=_xlfn.ANCHORARRAY(W45)+(SUMIF(OFFSET(V51,E38+_xlfn.ANCHORARRAY(W31),_xlfn.ANCHORARRAY(W32)),"<>0")-SUMIF(OFFSET(V51,E36-1+_xlfn.ANCHORARRAY(W31),_xlfn.ANCHORARRAY(W32)),"<>0"))*_xlfn.ANCHORARRAY(W34)+IF(_xlfn.ANCHORARRAY(W31),SUMIF(OFFSET(V51,E38+1,_xlfn.ANCHORARRAY(W32),_xlfn.ANCHORARRAY(W31),1),"<>0")-SUMIF(OFFSET(V51,E36,_xlfn.ANCHORARRAY(W32),_xlfn.ANCHORARRAY(W31)),"<>0"),0)} -> #N/A | X37: #N/A | Y37: #N/A | Z37: #N/A | AA37: #N/A | AB37: #N/A | AC37: #N/A | AD37: #N/A | AE37: #N/A | AF37: #N/A | AG37: #N/A | AH37: #N/A | AI37: #N/A | AJ37: #N/A | AK37: #N/A | AL37: #N/A | AM37: #N/A | AN37: #N/A | AO37: #N/A | AP37: #N/A | AQ37: #N/A | AR37: #N/A | AS37: #N/A | AT37: #N/A | AU37: #N/A | AV37: #N/A | AW37: #N/A | AX37: #N/A | AY37: #N/A | AZ37: #N/A | BA37: #N/A | BB37: #N/A | BC37: #N/A | BD37: #N/A | BE37: #N/A
D38: =Setup!J11 -> 0 | E38: =MATCH(D38,_xlfn.ANCHORARRAY($U$52),0) -> #N/A | V38: P4 Tails | W38: {=_xlfn.ANCHORARRAY(W46)+(SUMIF(OFFSET(V51,E42+_xlfn.ANCHORARRAY(W31),_xlfn.ANCHORARRAY(W32)),"<>0")-SUMIF(OFFSET(V51,E40-1+_xlfn.ANCHORARRAY(W31),_xlfn.ANCHORARRAY(W32)),"<>0"))*_xlfn.ANCHORARRAY(W34)+IF(_xlfn.ANCHORARRAY(W31),SUMIF(OFFSET(V51,E42+1,_xlfn.ANCHORARRAY(W32),_xlfn.ANCHORARRAY(W31),1),"<>0")-SUMIF(OFFSET(V51,E40,_xlfn.ANCHORARRAY(W32),_xlfn.ANCHORARRAY(W31)),"<>0"),0)} -> #N/A | X38: #N/A | Y38: #N/A | Z38: #N/A | AA38: #N/A | AB38: #N/A | AC38: #N/A | AD38: #N/A | AE38: #N/A | AF38: #N/A | AG38: #N/A | AH38: #N/A | AI38: #N/A | AJ38: #N/A | AK38: #N/A | AL38: #N/A | AM38: #N/A | AN38: #N/A | AO38: #N/A | AP38: #N/A | AQ38: #N/A | AR38: #N/A | AS38: #N/A | AT38: #N/A | AU38: #N/A | AV38: #N/A | AW38: #N/A | AX38: #N/A | AY38: #N/A | AZ38: #N/A | BA38: #N/A | BB38: #N/A | BC38: #N/A | BD38: #N/A | BE38: #N/A
D40: =Setup!I12 -> 0 | E40: =MATCH(D40,_xlfn.ANCHORARRAY($U$52),0) -> #N/A
D41: Length | E41: =E42-E40+1 -> #N/A | J41: Highlight (category or var name) | M41: Actual | N41: Predicted | O41: MAPE
D42: =Setup!J12 -> 0 | E42: =MATCH(D42,_xlfn.ANCHORARRAY($U$52),0) -> #N/A | M42: =SUM(_xlfn.ANCHORARRAY(M52)) -> 9.1077017e+08 | N42: =SUM(_xlfn.ANCHORARRAY(N52)) -> 9.1077017e+08 | O42: {=SUM(ABS(_xlfn.ANCHORARRAY(N52)-_xlfn.ANCHORARRAY(M52))/_xlfn.ANCHORARRAY(M52))/E21} -> 0.10178688 | U42: Total | V42: =SUM(_xlfn.ANCHORARRAY(V52)) -> 10416621 | W42: {=MMULT(_xlfn.SEQUENCE(1,$E$21,1,0),_xlfn.ANCHORARRAY($W$52))} -> 3763559.4 | X42: 4516012.9 | Y42: -2589790.5 | Z42: 7683025.3 | AA42: -63046262 | AB42: 48489701 | AC42: 58320617 | AD42: 3461829.5 | AE42: -488630.62 | AF42: 12000000 | AG42: 25506000 | AH42: 6.9998657e+08 | AI42: -9194552 | AJ42: -3464592 | AK42: 5685636.5 | AL42: 4187614.9 | AM42: 10000000 | AN42: 1496437.7 | AO42: 27610950 | AP42: -4022892.9 | AQ42: 5351483.6 | AR42: 2107447.4 | AS42: 8410229.3 | AT42: 15041900 | AU42: 8472184.3 | AV42: 5444874 | AW42: 132428.78 | AX42: 384831 | AY42: 491467.86 | AZ42: 745147.99 | BA42: 1422703 | BB42: 13819725 | BC42: 12223.981 | BD42: 8610552.8 | BE42: 5118.5232
M43: {=SUM(_xlfn.ANCHORARRAY(Q52)*_xlfn.ANCHORARRAY(M52))} -> 3.6206528e+08 | N43: {=SUM(_xlfn.ANCHORARRAY(Q52)*_xlfn.ANCHORARRAY(N52))} -> 3.6525755e+08 | O43: {=SUM(ABS(_xlfn.ANCHORARRAY(N52)-_xlfn.ANCHORARRAY(M52))/_xlfn.ANCHORARRAY(M52)*_xlfn.ANCHORARRAY(Q52))/E29} -> 0.12651787 | U43: P1 | V43: {=SUM(_xlfn.ANCHORARRAY(V52)*_xlfn.ANCHORARRAY(Q52))} -> 5208310.7 | W43: {=MMULT(_xlfn.SEQUENCE(1,$E$29,1,0),_xlfn._xlws.FILTER(_xlfn.ANCHORARRAY($W$52),_xlfn.ANCHORARRAY(Q52)))} -> 0 | X43: 2258006.5 | Y43: -1294895.2 | Z43: 2561008.4 | AA43: -63046262 | AB43: 18552128 | AC43: 34183453 | AD43: 3461829.5 | AE43: -488630.62 | AF43: 0 | AG43: 12753000 | AH43: 3.0906996e+08 | AI43: -9194552 | AJ43: -3464592 | AK43: 3177112.2 | AL43: 182828.68 | AM43: 4000000 | AN43: 1496437.7 | AO43: 8806816.1 | AP43: -4022892.9 | AQ43: 1102424.9 | AR43: 2107447.4 | AS43: 1468044.7 | AT43: 13275050 | AU43: 3452578.2 | AV43: 3104861.1 | AW43: 523.05137 | AX43: 317558.36 | AY43: 491467.86 | AZ43: 745147.99 | BA43: 382088.46 | BB43: 8874748.2 | BC43: 9485.1938 | BD43: 5726895.6 | BE43: 155.75667
J44: Sub-level | M44: {=SUM(_xlfn.ANCHORARRAY(R52)*_xlfn.ANCHORARRAY(M52))} -> 1.8963985e+08 | N44: {=SUM(_xlfn.ANCHORARRAY(R52)*_xlfn.ANCHORARRAY(N52))} -> 1.9368862e+08 | O44: {=SUM(ABS(_xlfn.ANCHORARRAY(N52)-_xlfn.ANCHORARRAY(M52))/_xlfn.ANCHORARRAY(M52)*_xlfn.ANCHORARRAY(R52))/E29} -> 0.049262957 | U44: P2 | V44: {=SUM(_xlfn.ANCHORARRAY(V52)*_xlfn.ANCHORARRAY(Q52))} -> 5208310.7 | W44: {=MMULT(_xlfn.SEQUENCE(1,$E$33,1,0),_xlfn._xlws.FILTER(_xlfn.ANCHORARRAY($W$52),_xlfn.ANCHORARRAY(R52)))} -> 0 | X44: 0 | Y44: -1294895.2 | Z44: 0 | AA44: -29077620 | AB44: 8780425.2 | AC44: 20880566 | AD44: 3461829.5 | AE44: 0 | AF44: 0 | AG44: 0 | AH44: 1.634836e+08 | AI44: -9194552 | AJ44: -3464592 | AK44: 1415278.7 | AL44: 182828.68 | AM44: 4000000 | AN44: 1496437.7 | AO44: 5258102.7 | AP44: -2921168.2 | AQ44: 0 | AR44: 1100608.7 | AS44: 339696.24 | AT44: 11754794 | AU44: 1885195.7 | AV44: 1449049.7 | AW44: 518.02364 | AX44: 153994.49 | AY44: 491467.86 | AZ44: 745147.99 | BA44: 177510.67 | BB44: 5960215.4 | BC44: 8947.2098 | BD44: 4411714.8 | BE44: 0
M45: {=SUM(_xlfn.ANCHORARRAY(S52)*_xlfn.ANCHORARRAY(M52))} -> 0 | N45: {=SUM(_xlfn.ANCHORARRAY(S52)*_xlfn.ANCHORARRAY(N52))} -> 0 | O45: {=SUM(ABS(_xlfn.ANCHORARRAY(N52)-_xlfn.ANCHORARRAY(M52))/_xlfn.ANCHORARRAY(M52)*_xlfn.ANCHORARRAY(S52))/E29} -> 0 | U45: P3 | V45: {=SUM(_xlfn.ANCHORARRAY(V52)*_xlfn.ANCHORARRAY(Q52))} -> 5208310.7 | W45: {=MMULT(_xlfn.SEQUENCE(1,$E$37,1,0),_xlfn._xlws.FILTER(_xlfn.ANCHORARRAY($W$52),_xlfn.ANCHORARRAY(S52)))} -> #N/A
M46: {=SUM(_xlfn.ANCHORARRAY(T52)*_xlfn.ANCHORARRAY(M52))} -> 0 | N46: {=SUM(_xlfn.ANCHORARRAY(T52)*_xlfn.ANCHORARRAY(N52))} -> 0 | O46: {=SUM(ABS(_xlfn.ANCHORARRAY(N52)-_xlfn.ANCHORARRAY(M52))/_xlfn.ANCHORARRAY(M52)*_xlfn.ANCHORARRAY(T52))/E29} -> 0 | U46: P4 | V46: {=SUM(_xlfn.ANCHORARRAY(V52)*_xlfn.ANCHORARRAY(Q52))} -> 5208310.7 | W46: {=MMULT(_xlfn.SEQUENCE(1,$E$41,1,0),_xlfn._xlws.FILTER(_xlfn.ANCHORARRAY($W$52),_xlfn.ANCHORARRAY(T52)))} -> #N/A
C47: Layer 1 Check | D47: =IFERROR(MATCH(J42,_xlfn.ANCHORARRAY($W$50),0),0) -> 0
C48: Layer 2 Check | D48: =IFERROR(MATCH(K42,_xlfn.ANCHORARRAY(W50),0),0) -> 0
N49: RSq | O49: Intercept | V49: Coeff | W49: {=TRANSPOSE(OFFSET(Model!K4,1,0,$E$20,1))} -> 3763559.4 | X49: 2258006.5 | Y49: -1294895.2 | Z49: 2561008.4 | AA49: 60357.35 | AB49: 1.4386105 | AC49: 0.05199311 | AD49: 0.10198169 | AE49: -488630.62 | AF49: 12000000 | AG49: 9000000 | AH49: 0.022 | AI49: -1149319 | AJ49: -1732296 | AK49: 2840.6429 | AL49: 9.734768 | AM49: 4000000 | AN49: 1.1 | AO49: 4.5 | AP49: -2.5 | AQ49: 1.3 | AR49: 2 | AS49: 8.655333 | AT49: 0.3332862 | AU49: 0.665232 | AV49: 22 | AW49: 0.1692867 | AX49: 0.03321005 | AY49: 0.04 | AZ49: 0.06 | BA49: 0.0308512 | BB49: 0.04582 | BC49: 0.01132 | BD49: 0.020604 | BE49: 0.014703
C50: Graph Max | D50: =MAX(_xlfn.ANCHORARRAY(M52),_xlfn.ANCHORARRAY(N52))*1.02 -> 26474131 | N50: =RSQ(_xlfn.ANCHORARRAY(M52),_xlfn.ANCHORARRAY(N52)) -> 0.94606819 | O50: =(M42-SUM(_xlfn.ANCHORARRAY(W52)))/E21 -> 100159.82 | U50: ="dict["&V50&"]" -> dict[Group 3] | V50: ='Summary Data'!B7 -> Group 3 | W50: {=INDEX(INDIRECT($U$50),MATCH(TRANSPOSE(_xlfn.ANCHORARRAY(Model!B5)),dict[Group 1],0))} -> Macro | X50: Macro | Y50: Macro | Z50: Promotion | AA50: Covid | AB50: Promotion | AC50: Digital Media | AD50: Traditional Media | AE50: #N/A | AF50: Macro | AG50: Macro | AH50: Macro | AI50: Macro | AJ50: Macro | AK50: Promotion | AL50: Promotion | AM50: Promotion | AN50: Traditional Media | AO50: Traditional Media | AP50: Traditional Media | AQ50: Traditional Media | AR50: Traditional Media | AS50: Traditional Media | AT50: Digital Media | AU50: Digital Media | AV50: Digital Media | AW50: Digital Media | AX50: Digital Media | AY50: Digital Media | AZ50: Digital Media | BA50: Digital Media | BB50: Digital Media | BC50: Digital Media | BD50: Digital Media | BE50: Digital Media
B51: row | C51: P1 Marker | D51: P2 Marker | E51: P3 Marker | F51: P4 Marker | J51: Layer 1 | K51: Layer 2 | M51: Actual | N51: Predicted | O51: Residual | Q51: P1 | R51: P2 | S51: P3 | T51: P4 | U51: Date | V51: Intercept | W51: {=TRANSPOSE(_xlfn.ANCHORARRAY(Model!N5))} -> blackfriday_2019 | X51: july_promo | Y51: xmas_dummy | Z51: flash_sale_promo | AA51: covid_trend | AB51: samples_quantity_distributed | AC51: fbig_imp +A60 | AD51: outdoor_impressions +A20 | AE51: new_year | AF51: mothersday_2019 | AG51: week_before_vday +A30 | AH51: market_sales | AI51: covid_holiday_period | AJ51: covid_xmas | AK51: total_product_launch | AL51: gwp_units_distributed | AM51: friends_and_family_august_promo | AN51: tv_pure_spend +L1 | AO51: tv_coop_spend | AP51: tv_coop_spend_after_2020-04-13 | AQ51: print_pure_spend_before_2020-04-13 | AR51: print_pure_spend_after_2020-04-13 +L1 | AS51: print_coop_spend | AT51: google_brand_search_imp | AU51: google_nonbrand_search_imp | AV51: bing_brand_search_clicks | AW51: pinterest_awareness_imp | AX51: pinterest_conversion_imp | AY51: snap_awareness_imp | AZ51: snap_conversion_imp | BA51: google_video_imp | BB51: youtube_video_imp | BC51: nongoogle_video_spend | BD51: google_display_imp | BE51: nongoogle_display_spend
B52: {=_xlfn.SEQUENCE(E21)} -> 1 | C52: {=_xlfn.ANCHORARRAY(Q52)*D50} -> 0 | D52: {=_xlfn.ANCHORARRAY(R52)*D50} -> 0 | E52: {=_xlfn.ANCHORARRAY(S52)*D50} -> 0 | F52: {=_xlfn.ANCHORARRAY(T52)*D50} -> 0 | J52: {=SUMIFS(OFFSET(_xlfn.ANCHORARRAY(W51),_xlfn.ANCHORARRAY(B52),0),IF(D47,_xlfn.ANCHORARRAY(W50),_xlfn.ANCHORARRAY(W51)),J42)} -> 0 | K52: {=SUMIFS(OFFSET(_xlfn.ANCHORARRAY(W51),_xlfn.ANCHORARRAY(B52),0),IF(D48,_xlfn.ANCHORARRAY(W50),_xlfn.ANCHORARRAY(W51)),K$42)} -> 0 | M52: {=SUMIFS(OFFSET(_xlfn.ANCHORARRAY(IS!C5),0,1),_xlfn.ANCHORARRAY(IS!C5),_xlfn.ANCHORARRAY(U52))} -> 6096762.5 | N52: {=SUMIF(OFFSET(_xlfn.ANCHORARRAY(W51),_xlfn.ANCHORARRAY(B52),0),"<>0")+$O$50} -> 6561842.9 | O52: {=IF(E6,0,_xlfn.ANCHORARRAY(N52)-_xlfn.ANCHORARRAY(M52))} -> 465080.35 | Q52: {=IF((_xlfn.ANCHORARRAY(U52)>=D28)*(_xlfn.ANCHORARRAY(U52)<=D30),1,0)} -> 0 | R52: {=IF((_xlfn.ANCHORARRAY($U$52)>=$D$32)*(_xlfn.ANCHORARRAY($U$52)<=$D$34),1,0)} -> 0 | S52: {=IF((_xlfn.ANCHORARRAY(U52)>=D36)*(_xlfn.ANCHORARRAY(U52)<=D38),1,0)} -> 0 | T52: {=IF((_xlfn.ANCHORARRAY(U52)>=D40)*(_xlfn.ANCHORARRAY(U52)<=D42),1,0)} -> 0 | U52: {=OFFSET(Setup!F9,0,0,Setup!E8,1)} -> 43472 | V52: {=IF(_xlfn.ANCHORARRAY(U52),$O$50)} -> 100159.82 | W52: {=_xlfn.ANCHORARRAY(W49)*SUMIFS(OFFSET(_xlfn.ANCHORARRAY(IS!C5),0,_xlfn.ANCHORARRAY(W33)),_xlfn.ANCHORARRAY(IS!C5),_xlfn.ANCHORARRAY(U52))} -> 0 | X52: 0 | Y52: 0 | Z52: 0 | AA52: 0 | AB52: 410163.67 | AC52: 0 | AD52: 0 | AE52: 0 | AF52: 0 | AG52: 0 | AH52: 5381542.6 | AI52: 0 | AJ52: 0 | AK52: 1868.5028 | AL52: 206717.8 | AM52: 0 | AN52: 0 | AO52: 0 | AP52: 0 | AQ52: 89305.944 | AR52: 0 | AS52: 2525.9949 | AT52: 75189.041 | AU52: 200853.25 | AV52: 63819.289 | AW52: 0 | AX52: 0 | AY52: 0 | AZ52: 0 | BA52: 3805.2286 | BB52: 24404.976 | BC52: 0 | BD52: 1486.7958 | BE52: 0
B53: 2 | C53: 0 | D53: 0 | E53: 0 | F53: 0 | J53: 0 | K53: 0 | M53: 6089210.2 | N53: 6853079.9 | O53: 763869.63 | Q53: 0 | R53: 0 | S53: 0 | T53: 0 | U53: 43479 | V53: 100159.82 | W53: 0 | X53: 0 | Y53: 0 | Z53: 0 | AA53: 0 | AB53: 704348 | AC53: 0 | AD53: 0 | AE53: 0 | AF53: 0 | AG53: 0 | AH53: 5557037.9 | AI53: 0 | AJ53: 0 | AK53: 1425.833 | AL53: 0 | AM53: 0 | AN53: 0 | AO53: 0 | AP53: 0 | AQ53: 166504.5 | AR53: 0 | AS53: 2525.9922 | AT53: 69240.654 | AU53: 180181.59 | AV53: 49651.075 | AW53: 0 | AX53: 0 | AY53: 0 | AZ53: 0 | BA53: 4636.9842 | BB53: 16656.857 | BC53: 0 | BD53: 710.70503 | BE53: 0
B54: 3 | C54: 0 | D54: 0 | E54: 0 | F54: 0 | J54: 0 | K54: 0 | M54: 6508506.8 | N54: 6585670.2 | O54: 77163.338 | Q54: 0 | R54: 0 | S54: 0 | T54: 0 | U54: 43486 | V54: 100159.82 | W54: 0 | X54: 0 | Y54: 0 | Z54: 0 | AA54: 0 | AB54: 434933.66 | AC54: 0 | AD54: 0 | AE54: 0 | AF54: 0 | AG54: 0 | AH54: 5622796.5 | AI54: 0 | AJ54: 0 | AK54: 1707.4614 | AL54: 0 | AM54: 0 | AN54: 0 | AO54: 0 | AP54: 0 | AQ54: 180533.05 | AR54: 0 | AS54: 2525.9869 | AT54: 70653.079 | AU54: 131819.79 | AV54: 18350.816 | AW54: 0 | AX54: 0 | AY54: 0 | AZ54: 0 | BA54: 4189.538 | BB54: 16267.911 | BC54: 0 | BD54: 1732.5051 | BE54: 0
B55: 4 | C55: 0 | D55: 0 | E55: 0 | F55: 0 | J55: 0 | K55: 0 | M55: 7022937.1 | N55: 6498984.2 | O55: -523952.85 | Q55: 0 | R55: 0 | S55: 0 | T55: 0 | U55: 43493 | V55: 100159.82 | W55: 0 | X55: 0 | Y55: 0 | Z55: 0 | AA55: 0 | AB55: 534161.82 | AC55: 0 | AD55: 0 | AE55: 0 | AF55: 0 | AG55: 0 | AH55: 5448730.5 | AI55: 0 | AJ55: 0 | AK55: 67.085088 | AL55: 0 | AM55: 0 | AN55: 0 | AO55: 0 | AP55: 0 | AQ55: 0 | AR55: 0 | AS55: 119766.71 | AT55: 87292.036 | AU55: 128440.19 | AV55: 41258.173 | AW55: 0 | AX55: 0 | AY55: 0 | AZ55: 0 | BA55: 9669.609 | BB55: 27313.897 | BC55: 0 | BD55: 2124.3207 | BE55: 0
B56: 5 | C56: 0 | D56: 0 | E56: 0 | F56: 0 | J56: 0 | K56: 0 | M56: 19633183 | N56: 18162466 | O56: -1470717 | Q56: 0 | R56: 0 | S56: 0 | T56: 0 | U56: 43500 | V56: 100159.82 | W56: 0 | X56: 0 | Y56: 0 | Z56: 0 | AA56: 0 | AB56: 674095.46 | AC56: 0 | AD56: 0 | AE56: 0 | AF56: 0 | AG56: 9000000 | AH56: 6645047 | AI56: 0 | AJ56: 0 | AK56: 96.486614 | AL56: 0 | AM56: 0 | AN56: 0 | AO56: 863392.45 | AP56: 0 | AQ56: 133323.28 | AR56: 0 | AS56: 276087.68 | AT56: 94429.749 | AU56: 151382.3 | AV56: 46825.742 | AW56: 0 | AX56: 0 | AY56: 0 | AZ56: 0 | BA56: 35694.039 | BB56: 103160.75 | BC56: 0 | BD56: 38770.904 | BE56: 0
B57: 6 | C57: 0 | D57: 0 | E57: 0 | F57: 0 | J57: 0 | K57: 0 | M57: 12143474 | N57: 12386321 | O57: 242846.81 | Q57: 0 | R57: 0 | S57: 0 | T57: 0 | U57: 43507 | V57: 100159.82 | W57: 0 | X57: 0 | Y57: 0 | Z57: 0 | AA57: 0 | AB57: 299714.35 | AC57: 0 | AD57: 0 | AE57: 0 | AF57: 0 | AG57: 2700000 | AH57: 7580827.7 | AI57: 0 | AJ57: 0 | AK57: 119.60745 | AL57: 0 | AM57: 0 | AN57: 0 | AO57: 863392.45 | AP57: 0 | AQ57: 0 | AR57: 0 | AS57: 263598.84 | AT57: 97694.925 | AU57: 153184.01 | AV57: 48556.951 | AW57: 0 | AX57: 0 | AY57: 0 | AZ57: 0 | BA57: 56089.558 | BB57: 116810.26 | BC57: 0 | BD57: 106172.64 | BE57: 0
B58: 7 | C58: 0 | D58: 0 | E58: 0 | F58: 0 | J58: 0 | K58: 0 | M58: 9691781.5 | N58: 10182405 | O58: 490623.3 | Q58: 0 | R58: 0 | S58: 0 | T58: 0 | U58: 43514 | V58: 100159.82 | W58: 0 | X58: 0 | Y58: 0 | Z58: 0 | AA58: 0 | AB58: 1193035.3 | AC58: 0 | AD58: 0 | AE58: 0 | AF58: 0 | AG58: 810000 | AH58: 6503365 | AI58: 0 | AJ58: 0 | AK58: 174.98013 | AL58: 0 | AM58: 0 | AN58: 0 | AO58: 863392.45 | AP58: 0 | AQ58: 223952.57 | AR58: 0 | AS58: 108891.62 | AT58: 53912.406 | AU58: 159453.1 | AV58: 37504.912 | AW58: 0 | AX58: 0 | AY58: 0 | AZ58: 0 | BA58: 36128.551 | BB58: 51337.461 | BC58: 0 | BD58: 41096.663 | BE58: 0
B59: 8 | C59: 0 | D59: 0 | E59: 0 | F59: 0 | J59: 0 | K59: 0 | M59: 7689159.6 | N59: 8225917.2 | O59: 536757.62 | Q59: 0 | R59: 0 | S59: 0 | T59: 0 | U59: 43521 | V59: 100159.82 | W59: 0 | X59: 0 | Y59: 0 | Z59: 0 | AA59: 0 | AB59: 1025481.8 | AC59: 0 | AD59: 0 | AE59: 0 | AF59: 0 | AG59: 243000 | AH59: 6411373 | AI59: 0 | AJ59: 0 | AK59: 878.16005 | AL59: 0 | AM59: 0 | AN59: 0 | AO59: 0 | AP59: 0 | AQ59: 0 | AR59: 0 | AS59: 114621.5 | AT59: 31029.161 | AU59: 152690.08 | AV59: 35150.468 | AW59: 0 | AX59: 0 | AY59: 0 | AZ59: 0 | BA59: 20124.548 | BB59: 41313.772 | BC59: 0 | BD59: 50094.846 | BE59: 0
B60: 9 | C60: 0 | D60: 0 | E60: 0 | F60: 0 | J60: 0 | K60: 0 | M60: 10234522 | N60: 10918333 | O60: 683811.27 | Q60: 0 | R60: 0 | S60: 0 | T60: 0 | U60: 43528 | V60: 100159.82 | W60: 0 | X60: 0 | Y60: 0 | Z60: 0 | AA60: 0 | AB60: 969052.33 | AC60: 0 | AD60: 0 | AE60: 0 | AF60: 0 | AG60: 0 | AH60: 7291484.2 | AI60: 0 | AJ60: 0 | AK60: 7602.2985 | AL60: 1809664.2 | AM60: 0 | AN60: 0 | AO60: 127804.8 | AP60: 0 | AQ60: 0 | AR60: 0 | AS60: 273691.9 | AT60: 57169.657 | AU60: 122788.38 | AV60: 39914.755 | AW60: 0 | AX60: 0 | AY60: 0 | AZ60: 0 | BA60: 31818.691 | BB60: 40572.263 | BC60: 0 | BD60: 46609.601 | BE60: 0
B61: 10 | C61: 0 | D61: 0 | E61: 0 | F61: 0 | J61: 0 | K61: 0 | M61: 9309029.2 | N61: 9317723.9 | O61: 8694.7142 | Q61: 0 | R61: 0 | S61: 0 | T61: 0 | U61: 43535 | V61: 100159.82 | W61: 0 | X61: 0 | Y61: 0 | Z61: 0 | AA61: 0 | AB61: 376923.14 | AC61: 0 | AD61: 0 | AE61: 0 | AF61: 0 | AG61: 0 | AH61: 6886546.9 | AI61: 0 | AJ61: 0 | AK61: 20515.201 | AL61: 977487.52 | AM61: 0 | AN61: 0 | AO61: 127804.8 | AP61: 0 | AQ61: 162416.94 | AR61: 0 | AS61: 275293.18 | AT61: 91731.127 | AU61: 114130.48 | AV61: 37754.206 | AW61: 0 | AX61: 0 | AY61: 0 | AZ61: 0 | BA61: 38209.088 | BB61: 49144.207 | BC61: 0 | BD61: 59607.278 | BE61: 0
B62: 11 | C62: 0 | D62: 0 | E62: 0 | F62: 0 | J62: 0 | K62: 0 | M62: 12102723 | N62: 12273697 | O62: 170974.66 | Q62: 0 | R62: 0 | S62: 0 | T62: 0 | U62: 43542 | V62: 100159.82 | W62: 0 | X62: 0 | Y62: 0 | Z62: 2561008.4 | AA62: 0 | AB62: 646081.4 | AC62: 0 | AD62: 0 | AE62: 0 | AF62: 0 | AG62: 0 | AH62: 8320821.9 | AI62: 0 | AJ62: 0 | AK62: 42697.907 | AL62: 34344.262 | AM62: 0 | AN62: 0 | AO62: 127804.8 | AP62: 0 | AQ62: 0 | AR62: 0 | AS62: 13736.988 | AT62: 100813.33 | AU62: 106830.47 | AV62: 32145.089 | AW62: 0 | AX62: 12131.229 | AY62: 0 | AZ62: 0 | BA62: 29330.407 | BB62: 68078.385 | BC62: 0 | BD62: 77713.021 | BE62: 0
B63: 12 | C63: 0 | D63: 0 | E63: 0 | F63: 0 | J63: 0 | K63: 0 | M63: 9283960.8 | N63: 9730017 | O63: 446056.22 | Q63: 0 | R63: 0 | S63: 0 | T63: 0 | U63: 43549 | V63: 100159.82 | W63: 0 | X63: 0 | Y63: 0 | Z63: 0 | AA63: 0 | AB63: 909990.18 | AC63: 0 | AD63: 0 | AE63: 0 | AF63: 0 | AG63: 0 | AH63: 7827736.6 | AI63: 0 | AJ63: 0 | AK63: 35715.829 | AL63: 0 | AM63: 0 | AN63: 0 | AO63: 0 | AP63: 0 | AQ63: 450726.43 | AR63: 0 | AS63: 4127.5608 | AT63: 64695.445 | AU63: 116401.81 | AV63: 35039.671 | AW63: 0 | AX63: 40286.731 | AY63: 0 | AZ63: 0 | BA63: 19942.38 | BB63: 57816.832 | BC63: 0 | BD63: 67377.713 | BE63: 0
B64: 13 | C64: 0 | D64: 0 | E64: 0 | F64: 0 | J64: 0 | K64: 0 | M64: 8030813.2 | N64: 8105263.5 | O64: 74450.351 | Q64: 0 | R64: 0 | S64: 0 | T64: 0 | U64: 43556 | V64: 100159.82 | W64: 0 | X64: 0 | Y64: 0 | Z64: 0 | AA64: 0 | AB64: 528007.45 | AC64: 0 | AD64: 0 | AE64: 0 | AF64: 0 | AG64: 0 | AH64: 6716757.4 | AI64: 0 | AJ64: 0 | AK64: 41508.957 | AL64: 29204.304 | AM64: 0 | AN64: 0 | AO64: 266260.01 | AP64: 0 | AQ64: 0 | AR64: 0 | AS64: 106512.73 | AT64: 69644.435 | AU64: 135240.12 | AV64: 31050.965 | AW64: 0 | AX64: 11383.071 | AY64: 0 | AZ64: 0 | BA64: 14738.143 | BB64: 35590.481 | BC64: 0 | BD64: 19205.596 | BE64: 0
... B133: 82 | C133: 26474131 | D133: 0 | E133: 0 | F133: 0 | J133: 0 | K133: 0 | M133: 4186855.9 | N133: 6217132.6 | O133: 2030276.7 | Q133: 1 | R133: 0 | S133: 0 | T133: 0 | U133: 44039 | V133: 100159.82 | W133: 0 | X133: 0 | Y133: 0 | Z133: 0 | AA133: -1459859 | AB133: 1778240.5 | AC133: 252716.11 | AD133: 0 | AE133: 0 | AF133: 0 | AG133: 0 | AH133: 4881828.4 | AI133: 0 | AJ133: 0 | AK133: 88270.295 | AL133: 0 | AM133: 0 | AN133: 0 | AO133: 0 | AP133: 0 | AQ133: 0 | AR133: 98534.569 | AS133: 0 | AT133: 50305.681 | AU133: 36774.581 | AV133: 56852.904 | AW133: 0 | AX133: 0 | AY133: 0 | AZ133: 0 | BA133: 2931.7351 | BB133: 233355.55 | BC133: 0 | BD133: 97021.468 | BE133: 0
B134: 83 | C134: 26474131 | D134: 26474131 | E134: 0 | F134: 0 | I134: =M134 -> 11887165 | J134: 0 | K134: 0 | M134: 11887165 | N134: 10935271 | O134: -951894.15 | Q134: 1 | R134: 1 | S134: 0 | T134: 0 | U134: 44046 | V134: 100159.82 | W134: 0 | X134: 0 | Y134: 0 | Z134: 0 | AA134: -1440324 | AB134: 244004.16 | AC134: 387206.6 | AD134: 693475.47 | AE134: 0 | AF134: 0 | AG134: 0 | AH134: 5570129.8 | AI134: 0 | AJ134: 0 | AK134: 100478.44 | AL134: 0 | AM134: 4000000 | AN134: 0 | AO134: 0 | AP134: 0 | AQ134: 0 | AR134: 0 | AS134: 0 | AT134: 90003.868 | AU134: 63696.279 | AV134: 56451.264 | AW134: 0 | AX134: 0 | AY134: 0 | AZ134: 0 | BA134: 3652.8961 | BB134: 938674.2 | BC134: 1665.0653 | BD134: 125996.99 | BE134: 0
B135: 84 | C135: 26474131 | D135: 26474131 | E135: 0 | F135: 0 | I135: =M135 -> 6924504.2 | J135: 0 | K135: 0 | M135: 6924504.2 | N135: 6528702.1 | O135: -395802.15 | Q135: 1 | R135: 1 | S135: 0 | T135: 0 | U135: 44053 | V135: 100159.82 | W135: 0 | X135: 0 | Y135: 0 | Z135: 0 | AA135: -1447233.9 | AB135: 180624.74 | AC135: 554449.8 | AD135: 832170.56 | AE135: 0 | AF135: 0 | AG135: 0 | AH135: 5434480.8 | AI135: 0 | AJ135: 0 | AK135: 83209.721 | AL135: 0 | AM135: 0 | AN135: 0 | AO135: 0 | AP135: 0 | AQ135: 0 | AR135: 0 | AS135: 0 | AT135: 145030.45 | AU135: 76548.501 | AV135: 63514.597 | AW135: 0 | AX135: 0 | AY135: 0 | AZ135: 0 | BA135: 8374.1713 | BB135: 359749.12 | BC135: 1665.0653 | BD135: 135958.64 | BE135: 0
B136: 85 | C136: 26474131 | D136: 26474131 | E136: 0 | F136: 0 | I136: =M136 -> 6052938.5 | J136: 0 | K136: 0 | M136: 6052938.5 | N136: 7943241.9 | O136: 1890303.3 | Q136: 1 | R136: 1 | S136: 0 | T136: 0 | U136: 44060 | V136: 100159.82 | W136: 0 | X136: 0 | Y136: 0 | Z136: 0 | AA136: -1088683.3 | AB136: 602556.24 | AC136: 662447.95 | AD136: 859909.58 | AE136: 0 | AF136: 0 | AG136: 0 | AH136: 5744805.6 | AI136: 0 | AJ136: 0 | AK136: 74801.354 | AL136: 0 | AM136: 0 | AN136: 0 | AO136: 0 | AP136: 0 | AQ136: 0 | AR136: 0 | AS136: 0 | AT136: 203142.41 | AU136: 71046.684 | AV136: 81796.164 | AW136: 0 | AX136: 0 | AY136: 0 | AZ136: 0 | BA136: 8060.6886 | BB136: 417244.84 | BC136: 0 | BD136: 205953.82 | BE136: 0
B137: 86 | C137: 26474131 | D137: 26474131 | E137: 0 | F137: 0 | J137: 0 | K137: 0 | M137: 8866605.6 | N137: 8558263 | O137: -308342.55 | Q137: 1 | R137: 1 | S137: 0 | T137: 0 | U137: 44067 | V137: 100159.82 | W137: 0 | X137: 0 | Y137: 0 | Z137: 0 | AA137: -1061111.8 | AB137: 176887.23 | AC137: 761761.19 | AD137: 865457.38 | AE137: 0 | AF137: 0 | AG137: 0 | AH137: 5629434.6 | AI137: 0 | AJ137: 0 | AK137: 87553.773 | AL137: 12071.112 | AM137: 0 | AN137: 0 | AO137: 0 | AP137: 0 | AQ137: 0 | AR137: 552813.28 | AS137: 0 | AT137: 582073.33 | AU137: 45458.839 | AV137: 48695.447 | AW137: 0 | AX137: 0 | AY137: 0 | AZ137: 0 | BA137: 9618.6187 | BB137: 529237.8 | BC137: 0 | BD137: 218152.37 | BE137: 0
B138: 87 | C138: 26474131 | D138: 26474131 | E138: 0 | F138: 0 | J138: 0 | K138: 0 | M138: 7204539 | N138: 6714004.7 | O138: -490534.31 | Q138: 1 | R138: 1 | S138: 0 | T138: 0 | U138: 44074 | V138: 100159.82 | W138: 0 | X138: 0 | Y138: 0 | Z138: 0 | AA138: -1082635.3 | AB138: 332038.49 | AC138: 851748.54 | AD138: 171981.92 | AE138: 0 | AF138: 0 | AG138: 0 | AH138: 5521200.3 | AI138: 0 | AJ138: 0 | AK138: 78089.03 | AL138: 15312.79 | AM138: 0 | AN138: 0 | AO138: 0 | AP138: 0 | AQ138: 0 | AR138: 0 | AS138: 0 | AT138: 262051.8 | AU138: 55008.798 | AV138: 47615.173 | AW138: 0 | AX138: 0 | AY138: 0 | AZ138: 0 | BA138: 10497.384 | BB138: 162254.01 | BC138: 0 | BD138: 188681.93 | BE138: 0
B139: 88 | C139: 26474131 | D139: 26474131 | E139: 0 | F139: 0 | J139: 0 | K139: 0 | M139: 4865201.1 | N139: 6614515.6 | O139: 1749314.5 | Q139: 1 | R139: 1 | S139: 0 | T139: 0 | U139: 44081 | V139: 100159.82 | W139: 0 | X139: 0 | Y139: 0 | Z139: 0 | AA139: -1405607.4 | AB139: 241607.44 | AC139: 894354.3 | AD139: 33286.822 | AE139: 0 | AF139: 0 | AG139: 0 | AH139: 5622365.3 | AI139: 0 | AJ139: 0 | AK139: 66841.437 | AL139: 75814.373 | AM139: 0 | AN139: 0 | AO139: 0 | AP139: 0 | AQ139: 0 | AR139: 98534.569 | AS139: 0 | AT139: 117624.01 | AU139: 57450.633 | AV139: 47975.264 | AW139: 0 | AX139: 0 | AY139: 0 | AZ139: 0 | BA139: 15789.322 | BB139: 412205.3 | BC139: 568.33474 | BD139: 235546.14 | BE139: 0
B140: 89 | C140: 26474131 | D140: 26474131 | E140: 0 | F140: 0 | J140: 0 | K140: 0 | M140: 5956462.6 | N140: 6628376 | O140: 671913.42 | Q140: 1 | R140: 1 | S140: 0 | T140: 0 | U140: 44088 | V140: 100159.82 | W140: 0 | X140: 0 | Y140: 0 | Z140: 0 | AA140: -1205231.8 | AB140: 579272.33 | AC140: 759935.66 | AD140: 5547.8037 | AE140: 0 | AF140: 0 | AG140: 0 | AH140: 5708311.6 | AI140: 0 | AJ140: 0 | AK140: 67544.233 | AL140: 0 | AM140: 0 | AN140: 0 | AO140: 0 | AP140: 0 | AQ140: 0 | AR140: 0 | AS140: 0 | AT140: 125821.89 | AU140: 68649.966 | AV140: 48072.212 | AW140: 0 | AX140: 0 | AY140: 0 | AZ140: 0 | BA140: 14496.832 | BB140: 175362.52 | BC140: 568.33474 | BD140: 179864.55 | BE140: 0
B141: 90 | C141: 26474131 | D141: 26474131 | E141: 0 | F141: 0 | J141: 0 | K141: 0 | M141: 6710774.5 | N141: 7004035.6 | O141: 293261.11 | Q141: 1 | R141: 1 | S141: 0 | T141: 0 | U141: 44095 | V141: 100159.82 | W141: 0 | X141: 0 | Y141: 0 | Z141: 0 | AA141: -1153915.1 | AB141: 602665.58 | AC141: 794084.4 | AD141: 0 | AE141: 0 | AF141: 0 | AG141: 0 | AH141: 5871138.1 | AI141: 0 | AJ141: 0 | AK141: 74275.444 | AL141: 19391.658 | AM141: 0 | AN141: 0 | AO141: 0 | AP141: 0 | AQ141: 0 | AR141: 0 | AS141: 0 | AT141: 207648.87 | AU141: 88673.006 | AV141: 43848.062 | AW141: 0 | AX141: 0 | AY141: 0 | AZ141: 0 | BA141: 30825.88 | BB141: 74690.501 | BC141: 0 | BD141: 250549.32 | BE141: 0
B142: 91 | C142: 26474131 | D142: 26474131 | E142: 0 | F142: 0 | J142: 0 | K142: 0 | M142: 7833490.9 | N142: 6437217.2 | O142: -1396273.7 | Q142: 1 | R142: 1 | S142: 0 | T142: 0 | U142: 44102 | V142: 100159.82 | W142: 0 | X142: 0 | Y142: 0 | Z142: 0 | AA142: -1135609.1 | AB142: 311949.73 | AC142: 620982.12 | AD142: 0 | AE142: 0 | AF142: 0 | AG142: 0 | AH142: 5842583.4 | AI142: 0 | AJ142: 0 | AK142: 61885.711 | AL142: 0 | AM142: 0 | AN142: 0 | AO142: 0 | AP142: 0 | AQ142: 0 | AR142: 0 | AS142: 0 | AT142: 158410.83 | AU142: 77359.712 | AV142: 48335.356 | AW142: 0 | AX142: 0 | AY142: 0 | AZ142: 0 | BA142: 10143.834 | BB142: 120131.42 | BC142: 0 | BD142: 220884.38 | BE142: 0
B143: 92 | C143: 26474131 | D143: 26474131 | E143: 0 | F143: 0 | J143: 0 | K143: 0 | M143: 6215606.9 | N143: 6847310.8 | O143: 631703.85 | Q143: 1 | R143: 1 | S143: 0 | T143: 0 | U143: 44109 | V143: 100159.82 | W143: 0 | X143: 0 | Y143: 0 | Z143: 0 | AA143: -1153031.8 | AB143: 628648.32 | AC143: 460979.77 | AD143: 0 | AE143: 0 | AF143: 0 | AG143: 0 | AH143: 5989321 | AI143: 0 | AJ143: 0 | AK143: 60305.317 | AL143: 0 | AM143: 0 | AN143: 0 | AO143: 0 | AP143: 0 | AQ143: 0 | AR143: 0 | AS143: 0 | AT143: 170075.85 | AU143: 84621.642 | AV143: 66506.126 | AW143: 0 | AX143: 0 | AY143: 0 | AZ143: 0 | BA143: 7201.7463 | BB143: 171822.21 | BC143: 1085.7669 | BD143: 259615.04 | BE143: 0
B144: 93 | C144: 26474131 | D144: 26474131 | E144: 0 | F144: 0 | J144: 0 | K144: 0 | M144: 6647592.6 | N144: 6487454.4 | O144: -160138.23 | Q144: 1 | R144: 1 | S144: 0 | T144: 0 | U144: 44116 | V144: 100159.82 | W144: 0 | X144: 0 | Y144: 0 | Z144: 0 | AA144: -1193199.1 | AB144: 415672.11 | AC144: 346177.19 | AD144: 0 | AE144: 0 | AF144: 0 | AG144: 0 | AH144: 5735638.8 | AI144: 0 | AJ144: 0 | AK144: 64483.355 | AL144: 0 | AM144: 0 | AN144: 0 | AO144: 0 | AP144: 0 | AQ144: 0 | AR144: 209219.25 | AS144: 0 | AT144: 233378.69 | AU144: 93568.101 | AV144: 55634.133 | AW144: 0 | AX144: 0 | AY144: 0 | AZ144: 0 | BA144: 5448.36 | BB144: 156111.44 | BC144: 1085.7669 | BD144: 264076.47 | BE144: 0
B145: 94 | C145: 26474131 | D145: 26474131 | E145: 0 | F145: 0 | J145: 0 | K145: 0 | M145: 6008982.1 | N145: 6160723.8 | O145: 151741.67 | Q145: 1 | R145: 1 | S145: 0 | T145: 0 | U145: 44123 | V145: 100159.82 | W145: 0 | X145: 0 | Y145: 0 | Z145: 0 | AA145: -1116664.7 | AB145: 344368.82 | AC145: 480714.51 | AD145: 0 | AE145: 0 | AF145: 0 | AG145: 0 | AH145: 5539033.1 | AI145: 0 | AJ145: 0 | AK145: 57977.11 | AL145: 77.878144 | AM145: 0 | AN145: 0 | AO145: 0 | AP145: 0 | AQ145: 0 | AR145: 0 | AS145: 0 | AT145: 213906.51 | AU145: 106701.86 | AV145: 56423.564 | AW145: 0 | AX145: 0 | AY145: 0 | AZ145: 0 | BA145: 4562.9103 | BB145: 150155.16 | BC145: 0 | BD145: 223307.25 | BE145: 0
B146: 95 | C146: 26474131 | D146: 26474131 | E146: 0 | F146: 0 | J146: 0 | K146: 0 | M146: 8869583.1 | N146: 7314951.1 | O146: -1554632 | Q146: 1 | R146: 1 | S146: 0 | T146: 0 | U146: 44130 | V146: 100159.82 | W146: 0 | X146: 0 | Y146: 0 | Z146: 0 | AA146: -1134663.7 | AB146: 741108.82 | AC146: 720260.36 | AD146: 0 | AE146: 0 | AF146: 0 | AG146: 0 | AH146: 5952041 | AI146: 0 | AJ146: 0 | AK146: 50962.453 | AL146: 0 | AM146: 0 | AN146: 0 | AO146: 0 | AP146: 0 | AQ146: 0 | AR146: 0 | AS146: 0 | AT146: 327785.98 | AU146: 82724.716 | AV146: 51174.539 | AW146: 0 | AX146: 0 | AY146: 45710.65 | AZ146: 57833.083 | BA146: 4857.6299 | BB146: 148318.9 | BC146: 0 | BD146: 166676.8 | BE146: 0
B147: 96 | C147: 26474131 | D147: 26474131 | E147: 0 | F147: 0 | J147: 0 | K147: 0 | M147: 6830886.6 | N147: 7884628.9 | O147: 1053742.3 | Q147: 1 | R147: 1 | S147: 0 | T147: 0 | U147: 44137 | V147: 100159.82 | W147: 0 | X147: 0 | Y147: 0 | Z147: 0 | AA147: -1109651.5 | AB147: 626012.78 | AC147: 878785.45 | AD147: 0 | AE147: 0 | AF147: 0 | AG147: 0 | AH147: 7155584.9 | AI147: -1149319 | AJ147: 0 | AK147: 48669.532 | AL147: 0 | AM147: 0 | AN147: 0 | AO147: 0 | AP147: 0 | AQ147: 0 | AR147: 169187.8 | AS147: 0 | AT147: 455550 | AU147: 99252.14 | AV147: 61409.446 | AW147: 0 | AX147: 0 | AY147: 97353.068 | AZ147: 105129.31 | BA147: 1330.3144 | BB147: 242924.91 | BC147: 349.33514 | BD147: 101900.51 | BE147: 0
B148: 97 | C148: 26474131 | D148: 26474131 | E148: 0 | F148: 0 | J148: 0 | K148: 0 | M148: 9528321.4 | N148: 9893323.2 | O148: 365001.82 | Q148: 1 | R148: 1 | S148: 0 | T148: 0 | U148: 44144 | V148: 100159.82 | W148: 0 | X148: 0 | Y148: 0 | Z148: 0 | AA148: -1219442 | AB148: 579104.01 | AC148: 1215192.1 | AD148: 0 | AE148: 0 | AF148: 0 | AG148: 0 | AH148: 7863181.6 | AI148: -1149319 | AJ148: 0 | AK148: 45834.858 | AL148: 0 | AM148: 0 | AN148: 0 | AO148: 2629051.3 | AP148: -1460584.1 | AQ148: 0 | AR148: 0 | AS148: 0 | AT148: 506591.76 | AU148: 95830.642 | AV148: 73707.955 | AW148: 0 | AX148: 0 | AY148: 64799.376 | AZ148: 75039.022 | BA148: 27.893207 | BB148: 313966.03 | BC148: 349.33514 | BD148: 159832.47 | BE148: 0
... B155: 104 | C155: 26474131 | D155: 26474131 | E155: 0 | F155: 0 | J155: 0 | K155: 0 | M155: 5481824.2 | N155: 7072379.2 | O155: 1590555.1 | Q155: 1 | R155: 1 | S155: 0 | T155: 0 | U155: 44193 | V155: 100159.82 | W155: 0 | X155: 0 | Y155: 0 | Z155: 0 | AA155: -2131668.1 | AB155: 718252.17 | AC155: 1084299.1 | AD155: 0 | AE155: 0 | AF155: 0 | AG155: 0 | AH155: 6321391 | AI155: 0 | AJ155: 0 | AK155: 83750.737 | AL155: 17639.4 | AM155: 0 | AN155: 0 | AO155: 0 | AP155: 0 | AQ155: 0 | AR155: 70853.811 | AS155: 0 | AT155: 391182.31 | AU155: 84485.122 | AV155: 36909.376 | AW155: 106.00128 | AX155: 25870.113 | AY155: 6.9088287 | AZ155: 3.506953 | BA155: 1838.6284 | BB155: 88856.875 | BC155: 0 | BD155: 178442.52 | BE155: 0
W156: Insert rows above to extend

Sheet Layer Chart
E1: ^^^ Model Contents
H3: {=IF(F6="var",CELL("address",'Actual vs Predicted'!W51),CELL("address",'Actual vs Predicted'!W50))} -> '[Analysis Workbook - Hope Street Cosmetics - Updated 04092025.xlsx]Actual vs Predicted'!$W$50 | I3: ="'"&MID(H3,FIND("]",H3)+1,99)&"#" -> 'Actual vs Predicted'!$W$50#
P4: Negative Layers | V4: Positive Layers
B5: AvP Groups | D5: AvP Variables | F5: Layer Type ("var" / "group") | H5: row | I5: Predicted | J5: sum(neg) | K5: sum(other) | M5: Date | N5: Actual | O5: Other - Negative | P5: {=IFERROR(TRANSPOSE(OFFSET(F38,1,0,F37,1)),"")} -> Covid | T5: Neg Spacer | U5: Other - Positive | V5: {=TRANSPOSE(OFFSET($F$10,0,0,$F$8,1))} -> Macro | W5: Promotion | X5: Traditional Media | Y5: Digital Media
B6: {=TRANSPOSE(_xlfn.UNIQUE(_xlfn.ANCHORARRAY('Actual vs Predicted'!W50)))} -> Macro | D6: {=TRANSPOSE(_xlfn.UNIQUE(_xlfn.ANCHORARRAY('Actual vs Predicted'!W51)))} -> blackfriday_2019 | F6: group | H6: {=_xlfn.SEQUENCE('Actual vs Predicted'!E21)} -> 1 | I6: {=_xlfn.ANCHORARRAY('Actual vs Predicted'!N52)} -> 6561842.9 | J6: {=IFERROR(MMULT(_xlfn.ANCHORARRAY(P6),_xlfn.SEQUENCE(F37,1,1,0)),0)} -> 0 | K6: {=_xlfn.ANCHORARRAY(I6)-SUMIF(OFFSET(_xlfn.ANCHORARRAY($V$5),_xlfn.ANCHORARRAY($H$6),0),"<>0")} -> 100159.82 | M6: {=_xlfn.ANCHORARRAY('Actual vs Predicted'!U52)} -> 43472 | N6: {=_xlfn.ANCHORARRAY('Actual vs Predicted'!M52)} -> 6096762.5 | O6: {=_xlfn.ANCHORARRAY(K6)*(_xlfn.ANCHORARRAY(K6)<0)} -> 0 | P6: {=SUMIFS(OFFSET(_xlfn.ANCHORARRAY('Actual vs Predicted'!$W$51),_xlfn.ANCHORARRAY($H$6),0),INDIRECT($I$3),_xlfn.ANCHORARRAY($P$5))} -> 0 | T6: {=(_xlfn.ANCHORARRAY(J6)+_xlfn.ANCHORARRAY(O6))*-1} -> 0 | U6: {=_xlfn.ANCHORARRAY(K6)*(_xlfn.ANCHORARRAY(K6)>0)} -> 100159.82 | V6: {=SUMIFS(OFFSET(_xlfn.ANCHORARRAY('Actual vs Predicted'!$W$50),_xlfn.ANCHORARRAY($H$6)+1,0),INDIRECT($I$3),_xlfn.ANCHORARRAY($V$5))} -> 5381542.6 | W6: 618749.97 | X6: 91831.939 | Y6: 369558.58
B7: Macro | D7: july_promo | H7: 2 | I7: 6853079.9 | J7: 0 | K7: 100159.82 | M7: 43479 | N7: 6089210.2 | O7: 0 | P7: 0 | T7: 0 | U7: 100159.82 | V7: 5557037.9 | W7: 705773.83 | X7: 169030.49 | Y7: 321077.86
B8: Macro | D8: xmas_dummy | F8: =COUNTA(F10:F34) -> 4 | H8: 3 | I8: 6585670.2 | J8: 0 | K8: 100159.82 | M8: 43486 | N8: 6508506.8 | O8: 0 | P8: 0 | T8: 0 | U8: 100159.82 | V8: 5622796.5 | W8: 436641.13 | X8: 183059.04 | Y8: 243013.64
B9: Promotion | D9: flash_sale_promo | F9: Positive Layer Contents | H9: 4 | I9: 6498984.2 | J9: 0 | K9: 100159.82 | M9: 43493 | N9: 7022937.1 | O9: 0 | P9: 0 | T9: 0 | U9: 100159.82 | V9: 5448730.5 | W9: 534228.91 | X9: 119766.71 | Y9: 296098.23
B10: Covid | D10: covid_trend | F10: Macro | H10: 5 | I10: 18162466 | J10: 0 | K10: 100159.82 | M10: 43500 | N10: 19633183 | O10: 0 | P10: 0 | T10: 0 | U10: 100159.82 | V10: 15645047 | W10: 674191.95 | X10: 1272803.4 | Y10: 470263.49
B11: Promotion | D11: samples_quantity_distributed | F11: Promotion | H11: 6 | I11: 12386321 | J11: 0 | K11: 100159.82 | M11: 43507 | N11: 12143474 | O11: 0 | P11: 0 | T11: 0 | U11: 100159.82 | V11: 10280828 | W11: 299833.96 | X11: 1126991.3 | Y11: 578508.34
B12: Digital Media | D12: fbig_imp +A60 | F12: Traditional Media | H12: 7 | I12: 10182405 | J12: 0 | K12: 100159.82 | M12: 43514 | N12: 9691781.5 | O12: 0 | P12: 0 | T12: 0 | U12: 100159.82 | V12: 7313365 | W12: 1193210.3 | X12: 1196236.6 | Y12: 379433.09
B13: Traditional Media | D13: outdoor_impressions +A20 | F13: Digital Media | H13: 8 | I13: 8225917.2 | J13: 0 | K13: 100159.82 | M13: 43521 | N13: 7689159.6 | O13: 0 | P13: 0 | T13: 0 | U13: 100159.82 | V13: 6654373 | W13: 1026360 | X13: 114621.5 | Y13: 330402.87
B14: #N/A | D14: new_year | H14: 9 | I14: 10918333 | J14: 0 | K14: 100159.82 | M14: 43528 | N14: 10234522 | O14: 0 | P14: 0 | T14: 0 | U14: 100159.82 | V14: 7291484.2 | W14: 2786318.8 | X14: 401496.7 | Y14: 338873.34
B15: Macro | D15: mothersday_2019 | H15: 10 | I15: 9317723.9 | J15: 0 | K15: 100159.82 | M15: 43535 | N15: 9309029.2 | O15: 0 | P15: 0 | T15: 0 | U15: 100159.82 | V15: 6886546.9 | W15: 1374925.9 | X15: 565514.93 | Y15: 390576.39
B16: Macro | D16: week_before_vday +A30 | H16: 11 | I16: 12273697 | J16: 0 | K16: 100159.82 | M16: 43542 | N16: 12102723 | O16: 0 | P16: 0 | T16: 0 | U16: 100159.82 | V16: 8320821.9 | W16: 3284132 | X16: 141541.79 | Y16: 427041.93
B17: Macro | D17: market_sales | H17: 12 | I17: 9730017 | J17: 0 | K17: 100159.82 | M17: 43549 | N17: 9283960.8 | O17: 0 | P17: 0 | T17: 0 | U17: 100159.82 | V17: 7827736.6 | W17: 945706 | X17: 454853.99 | Y17: 401560.59
B18: Macro | D18: covid_holiday_period | H18: 13 | I18: 8105263.5 | J18: 0 | K18: 100159.82 | M18: 43556 | N18: 8030813.2 | O18: 0 | P18: 0 | T18: 0 | U18: 100159.82 | V18: 6716757.4 | W18: 598720.71 | X18: 372772.74 | Y18: 316852.81
B19: Macro | D19: covid_xmas | H19: 14 | I19: 8249649.2 | J19: 0 | K19: 100159.82 | M19: 43563 | N19: 7843202.9 | O19: 0 | P19: 0 | T19: 0 | U19: 100159.82 | V19: 6468326.2 | W19: 841232.91 | X19: 537056.04 | Y19: 302874.29
B20: Promotion | D20: total_product_launch | H20: 15 | I20: 10839164 | J20: 0 | K20: 100159.82 | M20: 43570 | N20: 10981537 | O20: 0 | P20: 0 | T20: 0 | U20: 100159.82 | V20: 6793925 | W20: 2969057.7 | X20: 525507.77 | Y20: 450513.32
B21: Promotion | D21: gwp_units_distributed | H21: 16 | I21: 8737689.7 | J21: 0 | K21: 100159.82 | M21: 43577 | N21: 8798635.1 | O21: 0 | P21: 0 | T21: 0 | U21: 100159.82 | V21: 6906256.5 | W21: 433692.1 | X21: 662439.95 | Y21: 635141.39
B22: Promotion | D22: friends_and_family_august_promo | H22: 17 | I22: 10106191 | J22: 0 | K22: 100159.82 | M22: 43584 | N22: 9088033.1 | O22: 0 | P22: 0 | T22: 0 | U22: 100159.82 | V22: 8811287.9 | W22: 450047.91 | X22: 236544.42 | Y22: 508150.67
B23: Traditional Media | D23: tv_pure_spend +L1 | H23: 18 | I23: 24820219 | J23: 0 | K23: 100159.82 | M23: 43591 | N23: 25955031 | O23: 0 | P23: 0 | T23: 0 | U23: 100159.82 | V23: 22169626 | W23: 1273185.8 | X23: 994243.31 | Y23: 283004.16
B24: Traditional Media | D24: tv_coop_spend | H24: 19 | I24: 8806138.8 | J24: 0 | K24: 100159.82 | M24: 43598 | N24: 9793229.7 | O24: 0 | P24: 0 | T24: 0 | U24: 100159.82 | V24: 6500088.7 | W24: 781440.37 | X24: 1156864 | Y24: 267585.86
B25: Traditional Media | D25: tv_coop_spend_after_2020-04-13 | H25: 20 | I25: 8314114.5 | J25: 0 | K25: 100159.82 | M25: 43605 | N25: 9953995.3 | O25: 0 | P25: 0 | T25: 0 | U25: 100159.82 | V25: 6358660.1 | W25: 670168.47 | X25: 936966.18 | Y25: 248159.94
B26: Traditional Media | D26: print_pure_spend_before_2020-04-13 | H26: 21 | I26: 7657457.3 | J26: 0 | K26: 100159.82 | M26: 43612 | N26: 7779670.8 | O26: 0 | P26: 0 | T26: 0 | U26: 100159.82 | V26: 5874930.7 | W26: 1261723.2 | X26: 142089.66 | Y26: 278553.94
... B36: Digital Media | D36: google_video_imp | H36: 31 | I36: 15375528 | J36: 0 | K36: 100159.82 | M36: 43682 | N36: 16286039 | O36: 0 | P36: 0 | T36: 0 | U36: 100159.82 | V36: 6535250.8 | W36: 6544022.3 | X36: 1113619.2 | Y36: 1082476.2
B37: Digital Media | D37: youtube_video_imp | F37: =COUNTA($F$39:$F$42) -> 1 | H37: 32 | I37: 8958124.3 | J37: 0 | K37: 100159.82 | M37: 43689 | N37: 9260269.5 | O37: 0 | P37: 0 | T37: 0 | U37: 100159.82 | V37: 5968985.3 | W37: 822729.74 | X37: 845437.19 | Y37: 1220812.3
B38: Digital Media | D38: nongoogle_video_spend | F38: Negative Layer Contents | H38: 33 | I38: 10843317 | J38: 0 | K38: 100159.82 | M38: 43696 | N38: 8989828.5 | O38: 0 | P38: 0 | T38: 0 | U38: 100159.82 | V38: 7745044 | W38: 561771.45 | X38: 1089526.3 | Y38: 1346815.6
B39: Digital Media | D39: google_display_imp | F39: Covid | H39: 34 | I39: 10841300 | J39: 0 | K39: 100159.82 | M39: 43703 | N39: 11458413 | O39: 0 | P39: 0 | T39: 0 | U39: 100159.82 | V39: 7905234.3 | W39: 1217231.5 | X39: 211210.75 | Y39: 1407463.7
B40: Digital Media | D40: nongoogle_display_spend | H40: 35 | I40: 8917034.6 | J40: 0 | K40: 100159.82 | M40: 43710 | N40: 8988057.9 | O40: 0 | P40: 0 | T40: 0 | U40: 100159.82 | V40: 6084629.4 | W40: 428164.84 | X40: 759086.06 | Y40: 1544994.5
H41: 36 | I41: 9725309.1 | J41: 0 | K41: 100159.82 | M41: 43717 | N41: 9665573.2 | O41: 0 | P41: 0 | T41: 0 | U41: 100159.82 | V41: 6611878.2 | W41: 395770.85 | X41: 878719.94 | Y41: 1738780.3
H42: 37 | I42: 10033215 | J42: 0 | K42: 100159.82 | M42: 43724 | N42: 9216226.3 | O42: 0 | P42: 0 | T42: 0 | U42: 100159.82 | V42: 6945501.8 | W42: 634123.06 | X42: 660197.95 | Y42: 1693232.7
H43: 38 | I43: 9814554 | J43: 0 | K43: 100159.82 | M43: 43731 | N43: 7296709 | O43: 0 | P43: 0 | T43: 0 | U43: 100159.82 | V43: 6981180.8 | W43: 554443.99 | X43: 582369.28 | Y43: 1596400.2
H44: 39 | I44: 9014035.3 | J44: 0 | K44: 100159.82 | M44: 43738 | N44: 10761945 | O44: 0 | P44: 0 | T44: 0 | U44: 100159.82 | V44: 6330240.4 | W44: 947400.38 | X44: 340515.52 | Y44: 1295719.2
H45: 40 | I45: 9922121.1 | J45: 0 | K45: 100159.82 | M45: 43745 | N45: 10128820 | O45: 0 | P45: 0 | T45: 0 | U45: 100159.82 | V45: 6356535.6 | W45: 1345260.5 | X45: 953303.34 | Y45: 1166861.8
H46: 41 | I46: 9277789.3 | J46: 0 | K46: 100159.82 | M46: 43752 | N46: 10579812 | O46: 0 | P46: 0 | T46: 0 | U46: 100159.82 | V46: 6648607.1 | W46: 785068.11 | X46: 655802.09 | Y46: 1088152.2
H47: 42 | I47: 9206309.1 | J47: 0 | K47: 100159.82 | M47: 43759 | N47: 9540770 | O47: 0 | P47: 0 | T47: 0 | U47: 100159.82 | V47: 6963961.4 | W47: 393144.04 | X47: 396119.66 | Y47: 1352924.2
H48: 43 | I48: 8591645.9 | J48: 0 | K48: 100159.82 | M48: 43766 | N48: 7647281.8 | O48: 0 | P48: 0 | T48: 0 | U48: 100159.82 | V48: 6897047.4 | W48: 197750.72 | X48: 56262.118 | Y48: 1340425.8
H49: 44 | I49: 13192072 | J49: 0 | K49: 100159.82 | M49: 43773 | N49: 14800451 | O49: 0 | P49: 0 | T49: 0 | U49: 100159.82 | V49: 9502697.8 | W49: 224248.28 | X49: 2010032.7 | Y49: 1354933.7
H50: 45 | I50: 12846229 | J50: 0 | K50: 100159.82 | M50: 43780 | N50: 11785160 | O50: 0 | P50: 0 | T50: 0 | U50: 100159.82 | V50: 8949752.7 | W50: 270089.12 | X50: 2055818.1 | Y50: 1470408.9
H51: 46 | I51: 12274558 | J51: 0 | K51: 100159.82 | M51: 43787 | N51: 10627952 | O51: 0 | P51: 0 | T51: 0 | U51: 100159.82 | V51: 7075328.6 | W51: 1356407.7 | X51: 2185003.1 | Y51: 1557658.9
H52: 47 | I52: 17292070 | J52: 0 | K52: 100159.82 | M52: 43794 | N52: 17191910 | O52: 0 | P52: 0 | T52: 0 | U52: 100159.82 | V52: 15080867 | W52: 325000.93 | X52: 196507.66 | Y52: 1589534.3
... H109: 104 | I109: 7072379.2 | J109: -2131668.1 | K109: -2031508.3 | M109: 44193 | N109: 5481824.2 | O109: -2031508.3 | P109: -2131668.1 | T109: 4163176.5 | U109: 0 | V109: 6321391 | W109: 819642.31 | X109: 70853.811 | Y109: 1892000.5

Sheet Volume Data
E4: Timeframe Volume (not tail-adjusted for ROI) | I4: % Contribution | L4: =J5&" vs "&I5&" Change" -> Post-Covid vs 2020 Change
B5: Feature | D5: Total | H5: Total | I5: =Setup!H9 -> 2020 | J5: =Setup!H10 -> Post-Covid | L5: Gap Volume | M5: Performance | O5: ='Summary Data'!B7 -> Group 3 | P5: Summary Check
B6: Dependent | D6: ='Actual vs Predicted'!M42 -> 9.1077017e+08 | E6: ='Actual vs Predicted'!M43 -> 3.6206528e+08 | F6: ='Actual vs Predicted'!M44 -> 1.8963985e+08 | L6: =F6-E6 -> -1.7242544e+08 | M6: =F6/E6-1 -> -0.47622748
B7: {=TRANSPOSE(_xlfn.ANCHORARRAY('Actual vs Predicted'!W51))} -> blackfriday_2019 | D7: {=TRANSPOSE(_xlfn.ANCHORARRAY('Actual vs Predicted'!W42))} -> 3763559.4 | E7: {=TRANSPOSE(_xlfn.ANCHORARRAY('Actual vs Predicted'!W43))} -> 0 | F7: {=TRANSPOSE(_xlfn.ANCHORARRAY('Actual vs Predicted'!W44))} -> 0 | H7: {=_xlfn.ANCHORARRAY(D7)/D$6} -> 0.0041322822 | I7: {=_xlfn.ANCHORARRAY(E7)/E$6} -> 0 | J7: {=_xlfn.ANCHORARRAY(F7)/F$6} -> 0 | L7: {=_xlfn.ANCHORARRAY(F7)-_xlfn.ANCHORARRAY(E7)} -> 0 | M7: {=_xlfn.ANCHORARRAY(L7)/$E$6} -> 0 | O7: {=TRANSPOSE(_xlfn.ANCHORARRAY('Actual vs Predicted'!W50))} -> Macro | P7: {=IF(ISERROR(MATCH(_xlfn.ANCHORARRAY(O7),'Summary Data'!$G$15:$G$34,0)),"Not in summary","")}
B8: july_promo | D8: 4516012.9 | E8: 2258006.5 | F8: 0 | H8: 0.004958455 | I8: 0.0062364622 | J8: 0 | L8: -2258006.5 | M8: -0.0062364622 | O8: Macro
B9: xmas_dummy | D9: -2589790.5 | E9: -1294895.2 | F9: -1294895.2 | H9: -0.002843517 | I9: -0.0035764137 | J9: -0.0068281811 | L9: 0 | M9: 0 | O9: Macro
B10: flash_sale_promo | D10: 7683025.3 | E10: 2561008.4 | F10: 0 | H10: 0.0084357454 | I10: 0.0070733333 | J10: 0 | L10: -2561008.4 | M10: -0.0070733333 | O10: Promotion
B11: covid_trend | D11: -63046262 | E11: -63046262 | F11: -29077620 | H11: -0.06922302 | I11: -0.17412954 | J11: -0.15333075 | L11: 33968642 | M11: 0.093819107 | O11: Covid
B12: samples_quantity_distributed | D12: 48489701 | E12: 18552128 | F12: 8780425.2 | H12: 0.053240326 | I12: 0.051239731 | J12: 0.046300529 | L12: -9771702.6 | M12: -0.026988786 | O12: Promotion
B13: fbig_imp +A60 | D13: 58320617 | E13: 34183453 | F13: 20880566 | H13: 0.064034396 | I13: 0.0944124 | J13: 0.11010643 | L13: -13302886 | M13: -0.036741679 | O13: Digital Media
B14: outdoor_impressions +A20 | D14: 3461829.5 | E14: 3461829.5 | F14: 3461829.5 | H14: 0.0038009913 | I14: 0.0095613407 | J14: 0.018254758 | L14: 0 | M14: 0 | O14: Traditional Media
B15: new_year | D15: -488630.62 | E15: -488630.62 | F15: 0 | H15: -0.00053650266 | I15: -0.001349565 | J15: 0 | L15: 488630.62 | M15: 0.001349565 | O15: #N/A | P15: Not in summary
B16: mothersday_2019 | D16: 12000000 | E16: 0 | F16: 0 | H16: 0.013175662 | I16: 0 | J16: 0 | L16: 0 | M16: 0 | O16: Macro
B17: week_before_vday +A30 | D17: 25506000 | E17: 12753000 | F17: 0 | H17: 0.02800487 | I17: 0.035222929 | J17: 0 | L17: -12753000 | M17: -0.035222929 | O17: Macro
B18: market_sales | D18: 6.9998657e+08 | E18: 3.0906996e+08 | F18: 1.634836e+08 | H18: 0.76856554 | I18: 0.85363048 | J18: 0.86207412 | L18: -1.4558636e+08 | M18: -0.40209975 | O18: Macro
B19: covid_holiday_period | D19: -9194552 | E19: -9194552 | F19: -9194552 | H19: -0.010095359 | I19: -0.025394735 | J19: -0.048484283 | L19: 0 | M19: 0 | O19: Macro
B20: covid_xmas | D20: -3464592 | E20: -3464592 | F20: -3464592 | H20: -0.0038040245 | I20: -0.0095689704 | J20: -0.018269325 | L20: 0 | M20: 0 | O20: Macro
B21: total_product_launch | D21: 5685636.5 | E21: 3177112.2 | F21: 1415278.7 | H21: 0.0062426687 | I21: 0.0087749706 | J21: 0.0074629819 | L21: -1761833.5 | M21: -0.0048660658 | O21: Promotion
B22: gwp_units_distributed | D22: 4187614.9 | E22: 182828.68 | F22: 182828.68 | H22: 0.0045978832 | I22: 0.00050496053 | J22: 0.00096408365 | L22: 0 | M22: 0 | O22: Promotion
B23: friends_and_family_august_promo | D23: 10000000 | E23: 4000000 | F23: 4000000 | H23: 0.010979718 | I23: 0.011047731 | J23: 0.021092613 | L23: 0 | M23: 0 | O23: Promotion
B24: tv_pure_spend +L1 | D24: 1496437.7 | E24: 1496437.7 | F24: 1496437.7 | H24: 0.0016430465 | I24: 0.0041330605 | J24: 0.0078909457 | L24: 0 | M24: 0 | O24: Traditional Media
B25: tv_coop_spend | D25: 27610950 | E25: 8806816.1 | F25: 5258102.7 | H25: 0.030316045 | I25: 0.024323835 | J25: 0.027726782 | L25: -3548713.4 | M25: -0.0098013081 | O25: Traditional Media
B26: tv_coop_spend_after_2020-04-13 | D26: -4022892.9 | E26: -4022892.9 | F26: -2921168.2 | H26: -0.0044170231 | I26: -0.01111096 | J26: -0.015403768 | L26: 1101724.8 | M26: 0.0030428898 | O26: Traditional Media
B27: print_pure_spend_before_2020-04-13 | D27: 5351483.6 | E27: 1102424.9 | F27: 0 | H27: 0.0058757783 | I27: 0.0030448235 | J27: 0 | L27: -1102424.9 | M27: -0.0030448235 | O27: Traditional Media
... B41: nongoogle_display_spend | D41: 5118.5232 | E41: 155.75667 | F41: 0 | H41: 5.6199943e-06 | I41: 4.3018947e-07 | J41: 0 | L41: -155.75667 | M41: -4.3018947e-07 | O41: Digital Media

Sheet Summary Data
K3: Group # | L3: 3
L6: ='Volume Data'!H5 -> Total | Q6: Total Performance Change | S6: Gap Volume | T6: Gap %
B7: {=INDEX($B$13:$F$13,1,L3)} -> Group 3 | K7: Dependent | L7: ='Volume Data'!D6 -> 9.1077017e+08 | M7: ='Volume Data'!E6 -> 3.6206528e+08 | N7: ='Actual vs Predicted'!M44 -> 1.8963985e+08 | Q7: Actual | S7: =N7-M7 -> -1.7242544e+08 | T7: =S7/M7 -> -0.47622748
K8: Predicted | L8: ='Actual vs Predicted'!N42 -> 9.1077017e+08 | M8: ='Actual vs Predicted'!N43 -> 3.6525755e+08 | N8: ='Actual vs Predicted'!N44 -> 1.9368862e+08 | Q8: Explained | S8: =N8-M8 -> -1.7156892e+08 | T8: =S8/M8 -> -0.46972041
Q9: Out of Model | S9: =S7-S8 -> -856512.35 | T9: =T7-T8 -> -0.0065070668
L12: Sales Contribution | P12: % Share of Sales | S12: =Q13&" vs "&P13 -> Post-Covid vs 2020 | V12: Spend | Y12: ROI
B13: Group 1 | C13: Group 2 | D13: Group 3 | E13: Group 4 | K13: Marketing | L13: =L6 -> Total | M13: =Setup!H9 -> 2020 | N13: =Setup!H10 -> Post-Covid | P13: =M13 -> 2020 | Q13: =N13 -> Post-Covid | S13: Change | T13: Change % | V13: =M13 -> 2020 | W13: =N13 -> Post-Covid | Y13: =M13 -> 2020 | Z13: =N13 -> Post-Covid
B14: =COUNTA(B15:B34) -> 19 | C14: =COUNTA(C15:C34) -> 12 | D14: =COUNTA(D15:D34) -> 5 | E14: =COUNTA(E15:E34) -> 3 | G14: Spend Location | K14: Total | L14: =SUM(L15:L27) -> 9.0084218e+08 | M14: =SUM(M15:M27) -> 3.6053787e+08 | N14: =SUM(N15:N27) -> 1.9148511e+08 | P14: =M14/M$7 -> 0.99578137 | Q14: =N14/N$7 -> 1.0097303 | S14: =SUM(S15:S27) -> -1.6905276e+08 | T14: =(N14-M14)/M$7 -> -0.46691237 | V14: =SUM(V15:V27) -> 14744559 | W14: =SUM(W15:W27) -> 10036054 | Y14: =SUMPRODUCT(_xlfn.ANCHORARRAY(Y15),_xlfn.ANCHORARRAY(V15))/V14 -> 5.7927616 | Z14: =SUMPRODUCT(_xlfn.ANCHORARRAY(Z15),_xlfn.ANCHORARRAY(W15))/W14 -> 5.7693996
B15: {=_xlfn.UNIQUE(Dictionary!J6:J24)} -> Seasonality | C15: {=_xlfn.UNIQUE(Dictionary!K6:K24)} -> Macro | D15: {=_xlfn.UNIQUE(Dictionary!L6:L24)} -> Macro | E15: {=_xlfn.UNIQUE(Dictionary!M6:M24)} -> Macro | G15: {=OFFSET(B14,1,$L$3-1,INDEX(B14:E14,1,$L$3),1)} -> Macro | K15: {=_xlfn.ANCHORARRAY(G15)} -> Macro | L15: {=SUMIFS(_xlfn.ANCHORARRAY('Volume Data'!D$7),_xlfn.ANCHORARRAY('Volume Data'!$O$7),_xlfn.ANCHORARRAY($K15))} -> 7.305232e+08 | M15: {=SUMIFS(_xlfn.ANCHORARRAY('Volume Data'!E$7),_xlfn.ANCHORARRAY('Volume Data'!$O$7),_xlfn.ANCHORARRAY($K15))} -> 3.1012693e+08 | N15: {=SUMIFS(_xlfn.ANCHORARRAY('Volume Data'!F$7),_xlfn.ANCHORARRAY('Volume Data'!$O$7),_xlfn.ANCHORARRAY($K15))} -> 1.4952957e+08 | P15: {=_xlfn.ANCHORARRAY(M15)/M$7} -> 0.85654976 | Q15: {=_xlfn.ANCHORARRAY(N15)/N$7} -> 0.78849233 | S15: {=_xlfn.ANCHORARRAY(N15)-_xlfn.ANCHORARRAY(M15)} -> -1.6059737e+08 | T15: {=_xlfn.ANCHORARRAY(S15)/M$7} -> -0.44355914 | V15: {=SUMIFS(_xlfn.ANCHORARRAY('Spend Data'!$I$5),_xlfn.ANCHORARRAY('Spend Data'!$I$10),_xlfn.ANCHORARRAY($K15))} -> 0 | W15: {=SUMIFS(_xlfn.ANCHORARRAY('Spend Data'!$I$6),_xlfn.ANCHORARRAY('Spend Data'!$I$10),_xlfn.ANCHORARRAY($K15))} -> 0 | Y15: {=IF(_xlfn.ANCHORARRAY(V15),SUMIFS(_xlfn.ANCHORARRAY('Actual vs Predicted'!W35),_xlfn.ANCHORARRAY('Actual vs Predicted'!$W$50),_xlfn.ANCHORARRAY($K15))/_xlfn.ANCHORARRAY(V15),0)} -> 0 | Z15: {=IF(_xlfn.ANCHORARRAY(W15),SUMIFS(_xlfn.ANCHORARRAY('Actual vs Predicted'!W36),_xlfn.ANCHORARRAY('Actual vs Predicted'!$W$50),_xlfn.ANCHORARRAY($K15))/_xlfn.ANCHORARRAY(W15),0)} -> 0
B16: Market | C16: Covid | D16: Covid | E16: Promotion | G16: Covid | K16: Covid | L16: -63046262 | M16: -63046262 | N16: -29077620 | P16: -0.17412954 | Q16: -0.15333075 | S16: 33968642 | T16: 0.093819107 | V16: 0 | W16: 0 | Y16: 0 | Z16: 0
B17: Covid | C17: Product Launch | D17: Promotion | E17: Media | G17: Promotion | K17: Promotion | L17: 76045978 | M17: 28473077 | N17: 14378533 | P17: 0.078640727 | Q17: 0.075820207 | S17: -14094545 | T17: -0.038928185 | V17: 0 | W17: 0 | Y17: 0 | Z17: 0
B18: Product Launch | C18: GWP | D18: Traditional Media | G18: Traditional Media | K18: Traditional Media | L18: 44415485 | M18: 14420107 | N18: 8735506.7 | P18: 0.039827368 | Q18: 0.046063667 | S18: -5684600.7 | T18: -0.015700485 | V18: 5493822.6 | W18: 3223416.6 | Y18: 2.6247858 | Z18: 2.7100148
B19: GWP | C19: Samples | D19: Digital Media | G19: Digital Media | K19: Digital Media | L19: 1.1290378e+08 | M19: 70564012 | N19: 47919122 | P19: 0.19489306 | Q19: 0.25268488 | S19: -22644891 | T19: -0.062543667 | V19: 9250736.4 | W19: 6812636.9 | Y19: 7.6741574 | Z19: 7.2169553
B20: Samples | C20: TV
B21: TV - Pure | C21: Print
B22: TV - Coop | C22: Outdoor
B23: Print - Pure | C23: Search
B24: Print - Coop | C24: Social
B25: Outdoor | C25: Online Video
B26: Search - Brand | C26: Display
B27: Search - Non-Brand
B28: Pinterest
B29: Snapchat
B30: TikTok
B31: Facebook Instagram
B32: Online Video
B33: Display
A34: Insert cells above to extend
K36: Intercept | L36: ='Actual vs Predicted'!$O$50*'Actual vs Predicted'!$E$21 -> 10416621 | M36: ='Actual vs Predicted'!$O$50*'Actual vs Predicted'!$E$29 -> 5208310.7 | N36: ='Actual vs Predicted'!$O$50*'Actual vs Predicted'!$E$33 -> 2203516.1

Sheet Graphs and Tables
A1: Layer Chart: Must change cell L3 in Summary Data tab to Group 4 to populate graph in Layer Chart tab
A4: Gap Analysis: Must change cell L3 in Summary Data tab to Group 3 to populate table/ graph below | J4: Graph
B7: Gap Bar | C7: Change in Contribution | D7: Change in Spend
B8: 2019 Sales | C8: ='Summary Data'!M7 -> 3.6206528e+08 | D8: -
B9: Macro | C9: =VLOOKUP(B9,'Summary Data'!$K$15:$S$19,9,FALSE) -> -1.6059737e+08 | D9: -
B10: Covid | C10: =VLOOKUP(B10,'Summary Data'!$K$15:$S$19,9,FALSE) -> 33968642 | D10: -
B11: Promotion | C11: =VLOOKUP(B11,'Summary Data'!$K$15:$S$19,9,FALSE) -> -14094545 | D11: -
B12: Traditional Media | C12: =VLOOKUP(B12,'Summary Data'!$K$15:$S$19,9,FALSE) -> -5684600.7 | D12: =VLOOKUP(B12,'Summary Data'!$K$15:$AA$19,13,FALSE)-VLOOKUP(B12,'Summary Data'!$K$15:$AA$19,12,FALSE) -> -2270406
B13: Digital Media | C13: =VLOOKUP(B13,'Summary Data'!$K$15:$S$19,9,FALSE) -> -22644891 | D13: =VLOOKUP(B13,'Summary Data'!$K$15:$AA$19,13,FALSE)-VLOOKUP(B13,'Summary Data'!$K$15:$AA$19,12,FALSE) -> -2438099.5
B14: 2020 Sales | C14: ='Summary Data'!N7 -> 1.8963985e+08 | D14: -
A22: Annual Sales Decomposition: Must change cell L3 in Summary Data tab to Group 4 to populate table/ graph below | J22: Graph
C25: 2019 | E25: 2020
B26: Group | C26: Contribution | D26: % Contribution | E26: Contribution | F26: % Contribution
B27: Macro | C27: =VLOOKUP(B27,'Summary Data'!$K$15:$S$19,3,FALSE) -> 3.1012693e+08 | D27: =1-SUM(D28:D29) -> #N/A | E27: =VLOOKUP(B27,'Summary Data'!$K$15:$S$19,4,FALSE) -> 1.4952957e+08 | F27: =1-SUM(F28:F29) -> #N/A
B28: Promotion | C28: =VLOOKUP(B28,'Summary Data'!$K$15:$S$19,3,FALSE) -> 28473077 | D28: =C28/SUM($C$27:$C$29) -> #N/A | E28: =VLOOKUP(B28,'Summary Data'!$K$15:$S$19,4,FALSE) -> 14378533 | F28: =E28/SUM($C$27:$C$29) -> #N/A
B29: Media | C29: =VLOOKUP(B29,'Summary Data'!$K$15:$S$19,3,FALSE) -> #N/A | D29: =C29/SUM($C$27:$C$29) -> #N/A | E29: =VLOOKUP(B29,'Summary Data'!$K$15:$S$19,4,FALSE) -> #N/A | F29: =E29/SUM($C$27:$C$29) -> #N/A
A41: Media Scorecard: Must change cell L3 in Summary Data tab to Group 2 to populate table/ graph below
C44: 2019 | F44: 2020
B45: Group | C45: Spend | D45: Contribution | E45: ROI | F45: Spend | G45: Contribution | H45: ROI
B46: TV | C46: =IF(VLOOKUP(B46,'Summary Data'!$K$15:$AA$100,12,FALSE)=0,"-",VLOOKUP(B46,'Summary Data'!$K$15:$AA$100,12,FALSE)) -> #N/A | D46: =IF(VLOOKUP(B46,'Summary Data'!$K$15:$AA$100,3,FALSE)=0,"-",VLOOKUP(B46,'Summary Data'!$K$15:$AA$100,3,FALSE)) -> #N/A | E46: =IFERROR(D46/C46,"-") -> - | F46: =IF(VLOOKUP(B46,'Summary Data'!$K$15:$AA$100,13,FALSE)=0,"-",VLOOKUP(B46,'Summary Data'!$K$15:$AA$100,13,FALSE)) -> #N/A | G46: =IF(VLOOKUP(B46,'Summary Data'!$K$15:$AA$100,4,FALSE)=0,"-",VLOOKUP(B46,'Summary Data'!$K$15:$AA$100,4,FALSE)) -> #N/A | H46: =IFERROR(G46/F46,"-") -> -
B47: Print | C47: =IF(VLOOKUP(B47,'Summary Data'!$K$15:$AA$100,12,FALSE)=0,"-",VLOOKUP(B47,'Summary Data'!$K$15:$AA$100,12,FALSE)) -> #N/A | D47: =IF(VLOOKUP(B47,'Summary Data'!$K$15:$AA$100,3,FALSE)=0,"-",VLOOKUP(B47,'Summary Data'!$K$15:$AA$100,3,FALSE)) -> #N/A | E47: =IFERROR(D47/C47,"-") -> - | F47: =IF(VLOOKUP(B47,'Summary Data'!$K$15:$AA$100,13,FALSE)=0,"-",VLOOKUP(B47,'Summary Data'!$K$15:$AA$100,13,FALSE)) -> #N/A | G47: =IF(VLOOKUP(B47,'Summary Data'!$K$15:$AA$100,4,FALSE)=0,"-",VLOOKUP(B47,'Summary Data'!$K$15:$AA$100,4,FALSE)) -> #N/A | H47: =IFERROR(G47/F47,"-") -> -
B48: Outdoor | C48: =IF(VLOOKUP(B48,'Summary Data'!$K$15:$AA$100,12,FALSE)=0,"-",VLOOKUP(B48,'Summary Data'!$K$15:$AA$100,12,FALSE)) -> #N/A | D48: =IF(VLOOKUP(B48,'Summary Data'!$K$15:$AA$100,3,FALSE)=0,"-",VLOOKUP(B48,'Summary Data'!$K$15:$AA$100,3,FALSE)) -> #N/A | E48: =IFERROR(D48/C48,"-") -> - | F48: =IF(VLOOKUP(B48,'Summary Data'!$K$15:$AA$100,13,FALSE)=0,"-",VLOOKUP(B48,'Summary Data'!$K$15:$AA$100,13,FALSE)) -> #N/A | G48: =IF(VLOOKUP(B48,'Summary Data'!$K$15:$AA$100,4,FALSE)=0,"-",VLOOKUP(B48,'Summary Data'!$K$15:$AA$100,4,FALSE)) -> #N/A | H48: =IFERROR(G48/F48,"-") -> -
B49: Search | C49: =IF(VLOOKUP(B49,'Summary Data'!$K$15:$AA$100,12,FALSE)=0,"-",VLOOKUP(B49,'Summary Data'!$K$15:$AA$100,12,FALSE)) -> #N/A | D49: =IF(VLOOKUP(B49,'Summary Data'!$K$15:$AA$100,3,FALSE)=0,"-",VLOOKUP(B49,'Summary Data'!$K$15:$AA$100,3,FALSE)) -> #N/A | E49: =IFERROR(D49/C49,"-") -> - | F49: =IF(VLOOKUP(B49,'Summary Data'!$K$15:$AA$100,13,FALSE)=0,"-",VLOOKUP(B49,'Summary Data'!$K$15:$AA$100,13,FALSE)) -> #N/A | G49: =IF(VLOOKUP(B49,'Summary Data'!$K$15:$AA$100,4,FALSE)=0,"-",VLOOKUP(B49,'Summary Data'!$K$15:$AA$100,4,FALSE)) -> #N/A | H49: =IFERROR(G49/F49,"-") -> -
B50: Social | C50: =IF(VLOOKUP(B50,'Summary Data'!$K$15:$AA$100,12,FALSE)=0,"-",VLOOKUP(B50,'Summary Data'!$K$15:$AA$100,12,FALSE)) -> #N/A | D50: =IF(VLOOKUP(B50,'Summary Data'!$K$15:$AA$100,3,FALSE)=0,"-",VLOOKUP(B50,'Summary Data'!$K$15:$AA$100,3,FALSE)) -> #N/A | E50: =IFERROR(D50/C50,"-") -> - | F50: =IF(VLOOKUP(B50,'Summary Data'!$K$15:$AA$100,13,FALSE)=0,"-",VLOOKUP(B50,'Summary Data'!$K$15:$AA$100,13,FALSE)) -> #N/A | G50: =IF(VLOOKUP(B50,'Summary Data'!$K$15:$AA$100,4,FALSE)=0,"-",VLOOKUP(B50,'Summary Data'!$K$15:$AA$100,4,FALSE)) -> #N/A | H50: =IFERROR(G50/F50,"-") -> -
B51: Online Video | C51: =IF(VLOOKUP(B51,'Summary Data'!$K$15:$AA$100,12,FALSE)=0,"-",VLOOKUP(B51,'Summary Data'!$K$15:$AA$100,12,FALSE)) -> #N/A | D51: =IF(VLOOKUP(B51,'Summary Data'!$K$15:$AA$100,3,FALSE)=0,"-",VLOOKUP(B51,'Summary Data'!$K$15:$AA$100,3,FALSE)) -> #N/A | E51: =IFERROR(D51/C51,"-") -> - | F51: =IF(VLOOKUP(B51,'Summary Data'!$K$15:$AA$100,13,FALSE)=0,"-",VLOOKUP(B51,'Summary Data'!$K$15:$AA$100,13,FALSE)) -> #N/A | G51: =IF(VLOOKUP(B51,'Summary Data'!$K$15:$AA$100,4,FALSE)=0,"-",VLOOKUP(B51,'Summary Data'!$K$15:$AA$100,4,FALSE)) -> #N/A | H51: =IFERROR(G51/F51,"-") -> -
B52: Display | C52: =IF(VLOOKUP(B52,'Summary Data'!$K$15:$AA$100,12,FALSE)=0,"-",VLOOKUP(B52,'Summary Data'!$K$15:$AA$100,12,FALSE)) -> #N/A | D52: =IF(VLOOKUP(B52,'Summary Data'!$K$15:$AA$100,3,FALSE)=0,"-",VLOOKUP(B52,'Summary Data'!$K$15:$AA$100,3,FALSE)) -> #N/A | E52: =IFERROR(D52/C52,"-") -> - | F52: =IF(VLOOKUP(B52,'Summary Data'!$K$15:$AA$100,13,FALSE)=0,"-",VLOOKUP(B52,'Summary Data'!$K$15:$AA$100,13,FALSE)) -> #N/A | G52: =IF(VLOOKUP(B52,'Summary Data'!$K$15:$AA$100,4,FALSE)=0,"-",VLOOKUP(B52,'Summary Data'!$K$15:$AA$100,4,FALSE)) -> #N/A | H52: =IFERROR(G52/F52,"-") -> -
A54: Media Scorecard (Coop Deepdive): Must change cell L3 in Summary Data tab to Group 1 to populate table/ graph below
C57: 2019 | F57: 2020
B58: Group | C58: Spend | D58: Contribution | E58: ROI | F58: Spend | G58: Contribution | H58: ROI
B59: TV - Pure | C59: =IF(VLOOKUP(B59,'Summary Data'!$K$15:$AA$100,12,FALSE)=0,"-",VLOOKUP(B59,'Summary Data'!$K$15:$AA$100,12,FALSE)) -> #N/A | D59: =IF(VLOOKUP(B59,'Summary Data'!$K$15:$AA$100,3,FALSE)=0,"-",VLOOKUP(B59,'Summary Data'!$K$15:$AA$100,3,FALSE)) -> #N/A | E59: =IFERROR(D59/C59,"-") -> - | F59: =IF(VLOOKUP(B59,'Summary Data'!$K$15:$AA$100,13,FALSE)=0,"-",VLOOKUP(B59,'Summary Data'!$K$15:$AA$100,13,FALSE)) -> #N/A | G59: =IF(VLOOKUP(B59,'Summary Data'!$K$15:$AA$100,4,FALSE)=0,"-",VLOOKUP(B59,'Summary Data'!$K$15:$AA$100,4,FALSE)) -> #N/A | H59: =IFERROR(G59/F59,"-") -> -
B60: TV - Coop | C60: =IF(VLOOKUP(B60,'Summary Data'!$K$15:$AA$100,12,FALSE)=0,"-",VLOOKUP(B60,'Summary Data'!$K$15:$AA$100,12,FALSE)) -> #N/A | D60: =IF(VLOOKUP(B60,'Summary Data'!$K$15:$AA$100,3,FALSE)=0,"-",VLOOKUP(B60,'Summary Data'!$K$15:$AA$100,3,FALSE)) -> #N/A | E60: =IFERROR(D60/C60,"-") -> - | F60: =IF(VLOOKUP(B60,'Summary Data'!$K$15:$AA$100,13,FALSE)=0,"-",VLOOKUP(B60,'Summary Data'!$K$15:$AA$100,13,FALSE)) -> #N/A | G60: =IF(VLOOKUP(B60,'Summary Data'!$K$15:$AA$100,4,FALSE)=0,"-",VLOOKUP(B60,'Summary Data'!$K$15:$AA$100,4,FALSE)) -> #N/A | H60: =IFERROR(G60/F60,"-") -> -
B61: Print - Pure | C61: =IF(VLOOKUP(B61,'Summary Data'!$K$15:$AA$100,12,FALSE)=0,"-",VLOOKUP(B61,'Summary Data'!$K$15:$AA$100,12,FALSE)) -> #N/A | D61: =IF(VLOOKUP(B61,'Summary Data'!$K$15:$AA$100,3,FALSE)=0,"-",VLOOKUP(B61,'Summary Data'!$K$15:$AA$100,3,FALSE)) -> #N/A | E61: =IFERROR(D61/C61,"-") -> - | F61: =IF(VLOOKUP(B61,'Summary Data'!$K$15:$AA$100,13,FALSE)=0,"-",VLOOKUP(B61,'Summary Data'!$K$15:$AA$100,13,FALSE)) -> #N/A | G61: =IF(VLOOKUP(B61,'Summary Data'!$K$15:$AA$100,4,FALSE)=0,"-",VLOOKUP(B61,'Summary Data'!$K$15:$AA$100,4,FALSE)) -> #N/A | H61: =IFERROR(G61/F61,"-") -> -
B62: Print - Coop | C62: =IF(VLOOKUP(B62,'Summary Data'!$K$15:$AA$100,12,FALSE)=0,"-",VLOOKUP(B62,'Summary Data'!$K$15:$AA$100,12,FALSE)) -> #N/A | D62: =IF(VLOOKUP(B62,'Summary Data'!$K$15:$AA$100,3,FALSE)=0,"-",VLOOKUP(B62,'Summary Data'!$K$15:$AA$100,3,FALSE)) -> #N/A | E62: =IFERROR(D62/C62,"-") -> - | F62: =IF(VLOOKUP(B62,'Summary Data'!$K$15:$AA$100,13,FALSE)=0,"-",VLOOKUP(B62,'Summary Data'!$K$15:$AA$100,13,FALSE)) -> #N/A | G62: =IF(VLOOKUP(B62,'Summary Data'!$K$15:$AA$100,4,FALSE)=0,"-",VLOOKUP(B62,'Summary Data'!$K$15:$AA$100,4,FALSE)) -> #N/A | H62: =IFERROR(G62/F62,"-") -> -
A65: Media Scorecard (Traditional vs Digital Deepdive): Must change cell L3 in Summary Data tab to Group 3 to populate table/ graph below
C68: 2019 | F68: 2020
B69: Group | C69: Spend | D69: Contribution | E69: ROI | F69: Spend | G69: Contribution | H69: ROI
B70: Traditional Media | C70: =IF(VLOOKUP(B70,'Summary Data'!$K$15:$AA$100,12,FALSE)=0,"-",VLOOKUP(B70,'Summary Data'!$K$15:$AA$100,12,FALSE)) -> 5493822.6 | D70: =IF(VLOOKUP(B70,'Summary Data'!$K$15:$AA$100,3,FALSE)=0,"-",VLOOKUP(B70,'Summary Data'!$K$15:$AA$100,3,FALSE)) -> 14420107 | E70: =IFERROR(D70/C70,"-") -> 2.6247858 | F70: =IF(VLOOKUP(B70,'Summary Data'!$K$15:$AA$100,13,FALSE)=0,"-",VLOOKUP(B70,'Summary Data'!$K$15:$AA$100,13,FALSE)) -> 3223416.6 | G70: =IF(VLOOKUP(B70,'Summary Data'!$K$15:$AA$100,4,FALSE)=0,"-",VLOOKUP(B70,'Summary Data'!$K$15:$AA$100,4,FALSE)) -> 8735506.7 | H70: =IFERROR(G70/F70,"-") -> 2.7100148
B71: Digital Media | C71: =IF(VLOOKUP(B71,'Summary Data'!$K$15:$AA$100,12,FALSE)=0,"-",VLOOKUP(B71,'Summary Data'!$K$15:$AA$100,12,FALSE)) -> 9250736.4 | D71: =IF(VLOOKUP(B71,'Summary Data'!$K$15:$AA$100,3,FALSE)=0,"-",VLOOKUP(B71,'Summary Data'!$K$15:$AA$100,3,FALSE)) -> 70564012 | E71: =IFERROR(D71/C71,"-") -> 7.6279346 | F71: =IF(VLOOKUP(B71,'Summary Data'!$K$15:$AA$100,13,FALSE)=0,"-",VLOOKUP(B71,'Summary Data'!$K$15:$AA$100,13,FALSE)) -> 6812636.9 | G71: =IF(VLOOKUP(B71,'Summary Data'!$K$15:$AA$100,4,FALSE)=0,"-",VLOOKUP(B71,'Summary Data'!$K$15:$AA$100,4,FALSE)) -> 47919122 | H71: =IFERROR(G71/F71,"-") -> 7.0338581
A73: Promotions Deepdive: Must change cell L3 in Summary Data tab to Group 2 to populate table/ graph below
C76: 2019 | E76: 2020
B77: Group | C77: Contribution | D77: % Share of Promotions | E77: Contribution | F77: % Share of Promotions
B78: Product Launch | C78: =IF(VLOOKUP(B78,'Summary Data'!$K$15:$AA$100,3,FALSE)=0,"-",VLOOKUP(B78,'Summary Data'!$K$15:$AA$100,3,FALSE)) -> #N/A | D78: =C78/SUM($C$78:$C$80) -> #N/A | E78: =IF(VLOOKUP(B78,'Summary Data'!$K$15:$AA$100,4,FALSE)=0,"-",VLOOKUP(B78,'Summary Data'!$K$15:$AA$100,4,FALSE)) -> #N/A | F78: =E78/SUM($E$78:$E$80) -> #N/A
B79: GWP | C79: =IF(VLOOKUP(B79,'Summary Data'!$K$15:$AA$100,3,FALSE)=0,"-",VLOOKUP(B79,'Summary Data'!$K$15:$AA$100,3,FALSE)) -> #N/A | D79: =C79/SUM($C$78:$C$80) -> #N/A | E79: =IF(VLOOKUP(B79,'Summary Data'!$K$15:$AA$100,4,FALSE)=0,"-",VLOOKUP(B79,'Summary Data'!$K$15:$AA$100,4,FALSE)) -> #N/A | F79: =E79/SUM($E$78:$E$80) -> #N/A
B80: Samples | C80: =IF(VLOOKUP(B80,'Summary Data'!$K$15:$AA$100,3,FALSE)=0,"-",VLOOKUP(B80,'Summary Data'!$K$15:$AA$100,3,FALSE)) -> #N/A | D80: =C80/SUM($C$78:$C$80) -> #N/A | E80: =IF(VLOOKUP(B80,'Summary Data'!$K$15:$AA$100,4,FALSE)=0,"-",VLOOKUP(B80,'Summary Data'!$K$15:$AA$100,4,FALSE)) -> #N/A | F80: =E80/SUM($E$78:$E$80) -> #N/A
A83: Media Scorecard (Covid): Must change cell L3 in Summary Data tab to Group 2 to populate table/ graph below
C84: Must change dropdown in Setup tab, cell L8 to 'Covid'
C87: Covid (3/16/2020 - 7/27/2020)
B88: Group | C88: Spend | D88: Contribution | E88: ROI
B89: TV | C89: =IF(VLOOKUP(B89,'Summary Data'!$K$15:$AA$100,12,FALSE)=0,"-",VLOOKUP(B89,'Summary Data'!$K$15:$AA$100,12,FALSE)) -> #N/A | D89: =IF(VLOOKUP(B89,'Summary Data'!$K$15:$AA$100,3,FALSE)=0,"-",VLOOKUP(B89,'Summary Data'!$K$15:$AA$100,3,FALSE)) -> #N/A | E89: =IFERROR(D89/C89,"-") -> -
B90: Print | C90: =IF(VLOOKUP(B90,'Summary Data'!$K$15:$AA$100,12,FALSE)=0,"-",VLOOKUP(B90,'Summary Data'!$K$15:$AA$100,12,FALSE)) -> #N/A | D90: =IF(VLOOKUP(B90,'Summary Data'!$K$15:$AA$100,3,FALSE)=0,"-",VLOOKUP(B90,'Summary Data'!$K$15:$AA$100,3,FALSE)) -> #N/A | E90: =IFERROR(D90/C90,"-") -> -
B91: Outdoor | C91: =IF(VLOOKUP(B91,'Summary Data'!$K$15:$AA$100,12,FALSE)=0,"-",VLOOKUP(B91,'Summary Data'!$K$15:$AA$100,12,FALSE)) -> #N/A | D91: =IF(VLOOKUP(B91,'Summary Data'!$K$15:$AA$100,3,FALSE)=0,"-",VLOOKUP(B91,'Summary Data'!$K$15:$AA$100,3,FALSE)) -> #N/A | E91: =IFERROR(D91/C91,"-") -> -
B92: Search | C92: =IF(VLOOKUP(B92,'Summary Data'!$K$15:$AA$100,12,FALSE)=0,"-",VLOOKUP(B92,'Summary Data'!$K$15:$AA$100,12,FALSE)) -> #N/A | D92: =IF(VLOOKUP(B92,'Summary Data'!$K$15:$AA$100,3,FALSE)=0,"-",VLOOKUP(B92,'Summary Data'!$K$15:$AA$100,3,FALSE)) -> #N/A | E92: =IFERROR(D92/C92,"-") -> -
B93: Social | C93: =IF(VLOOKUP(B93,'Summary Data'!$K$15:$AA$100,12,FALSE)=0,"-",VLOOKUP(B93,'Summary Data'!$K$15:$AA$100,12,FALSE)) -> #N/A | D93: =IF(VLOOKUP(B93,'Summary Data'!$K$15:$AA$100,3,FALSE)=0,"-",VLOOKUP(B93,'Summary Data'!$K$15:$AA$100,3,FALSE)) -> #N/A | E93: =IFERROR(D93/C93,"-") -> -
B94: Online Video | C94: =IF(VLOOKUP(B94,'Summary Data'!$K$15:$AA$100,12,FALSE)=0,"-",VLOOKUP(B94,'Summary Data'!$K$15:$AA$100,12,FALSE)) -> #N/A | D94: =IF(VLOOKUP(B94,'Summary Data'!$K$15:$AA$100,3,FALSE)=0,"-",VLOOKUP(B94,'Summary Data'!$K$15:$AA$100,3,FALSE)) -> #N/A | E94: =IFERROR(D94/C94,"-") -> -
B95: Display | C95: =IF(VLOOKUP(B95,'Summary Data'!$K$15:$AA$100,12,FALSE)=0,"-",VLOOKUP(B95,'Summary Data'!$K$15:$AA$100,12,FALSE)) -> #N/A | D95: =IF(VLOOKUP(B95,'Summary Data'!$K$15:$AA$100,3,FALSE)=0,"-",VLOOKUP(B95,'Summary Data'!$K$15:$AA$100,3,FALSE)) -> #N/A | E95: =IFERROR(D95/C95,"-") -> -
A98: Media Scorecard (Pre and Post Covid): Must change cell L3 in Summary Data tab to Group 2 to populate table/ graph below
C99: Must change dropdown in Setup tab, cell L8 to 'Pre-Covid'
C100: Must change dropdown in Setup tab, cell L10 to 'Post-Covid'
C103: Pre-Covid (1/7/2019 - 3/9/2020) | F103: Post Covid (8/3/2020 - 12/28/2020)
B104: Group | C104: Spend | D104: Contribution | E104: ROI | F104: Spend | G104: Contribution | H104: ROI
B105: TV | C105: =IF(VLOOKUP(B105,'Summary Data'!$K$15:$AA$100,12,FALSE)=0,"-",VLOOKUP(B105,'Summary Data'!$K$15:$AA$100,12,FALSE)) -> #N/A | D105: =IF(VLOOKUP(B105,'Summary Data'!$K$15:$AA$100,3,FALSE)=0,"-",VLOOKUP(B105,'Summary Data'!$K$15:$AA$100,3,FALSE)) -> #N/A | E105: =IFERROR(D105/C105,"-") -> - | F105: =IF(VLOOKUP(B105,'Summary Data'!$K$15:$AA$100,13,FALSE)=0,"-",VLOOKUP(B105,'Summary Data'!$K$15:$AA$100,13,FALSE)) -> #N/A | G105: =IF(VLOOKUP(B105,'Summary Data'!$K$15:$AA$100,4,FALSE)=0,"-",VLOOKUP(B105,'Summary Data'!$K$15:$AA$100,4,FALSE)) -> #N/A | H105: =IFERROR(G105/F105,"-") -> -
B106: Print | C106: =IF(VLOOKUP(B106,'Summary Data'!$K$15:$AA$100,12,FALSE)=0,"-",VLOOKUP(B106,'Summary Data'!$K$15:$AA$100,12,FALSE)) -> #N/A | D106: =IF(VLOOKUP(B106,'Summary Data'!$K$15:$AA$100,3,FALSE)=0,"-",VLOOKUP(B106,'Summary Data'!$K$15:$AA$100,3,FALSE)) -> #N/A | E106: =IFERROR(D106/C106,"-") -> - | F106: =IF(VLOOKUP(B106,'Summary Data'!$K$15:$AA$100,13,FALSE)=0,"-",VLOOKUP(B106,'Summary Data'!$K$15:$AA$100,13,FALSE)) -> #N/A | G106: =IF(VLOOKUP(B106,'Summary Data'!$K$15:$AA$100,4,FALSE)=0,"-",VLOOKUP(B106,'Summary Data'!$K$15:$AA$100,4,FALSE)) -> #N/A | H106: =IFERROR(G106/F106,"-") -> -
B107: Outdoor | C107: =IF(VLOOKUP(B107,'Summary Data'!$K$15:$AA$100,12,FALSE)=0,"-",VLOOKUP(B107,'Summary Data'!$K$15:$AA$100,12,FALSE)) -> #N/A | D107: =IF(VLOOKUP(B107,'Summary Data'!$K$15:$AA$100,3,FALSE)=0,"-",VLOOKUP(B107,'Summary Data'!$K$15:$AA$100,3,FALSE)) -> #N/A | E107: =IFERROR(D107/C107,"-") -> - | F107: =IF(VLOOKUP(B107,'Summary Data'!$K$15:$AA$100,13,FALSE)=0,"-",VLOOKUP(B107,'Summary Data'!$K$15:$AA$100,13,FALSE)) -> #N/A | G107: =IF(VLOOKUP(B107,'Summary Data'!$K$15:$AA$100,4,FALSE)=0,"-",VLOOKUP(B107,'Summary Data'!$K$15:$AA$100,4,FALSE)) -> #N/A | H107: =IFERROR(G107/F107,"-") -> -
B108: Search | C108: =IF(VLOOKUP(B108,'Summary Data'!$K$15:$AA$100,12,FALSE)=0,"-",VLOOKUP(B108,'Summary Data'!$K$15:$AA$100,12,FALSE)) -> #N/A | D108: =IF(VLOOKUP(B108,'Summary Data'!$K$15:$AA$100,3,FALSE)=0,"-",VLOOKUP(B108,'Summary Data'!$K$15:$AA$100,3,FALSE)) -> #N/A | E108: =IFERROR(D108/C108,"-") -> - | F108: =IF(VLOOKUP(B108,'Summary Data'!$K$15:$AA$100,13,FALSE)=0,"-",VLOOKUP(B108,'Summary Data'!$K$15:$AA$100,13,FALSE)) -> #N/A | G108: =IF(VLOOKUP(B108,'Summary Data'!$K$15:$AA$100,4,FALSE)=0,"-",VLOOKUP(B108,'Summary Data'!$K$15:$AA$100,4,FALSE)) -> #N/A | H108: =IFERROR(G108/F108,"-") -> -
B109: Social | C109: =IF(VLOOKUP(B109,'Summary Data'!$K$15:$AA$100,12,FALSE)=0,"-",VLOOKUP(B109,'Summary Data'!$K$15:$AA$100,12,FALSE)) -> #N/A | D109: =IF(VLOOKUP(B109,'Summary Data'!$K$15:$AA$100,3,FALSE)=0,"-",VLOOKUP(B109,'Summary Data'!$K$15:$AA$100,3,FALSE)) -> #N/A | E109: =IFERROR(D109/C109,"-") -> - | F109: =IF(VLOOKUP(B109,'Summary Data'!$K$15:$AA$100,13,FALSE)=0,"-",VLOOKUP(B109,'Summary Data'!$K$15:$AA$100,13,FALSE)) -> #N/A | G109: =IF(VLOOKUP(B109,'Summary Data'!$K$15:$AA$100,4,FALSE)=0,"-",VLOOKUP(B109,'Summary Data'!$K$15:$AA$100,4,FALSE)) -> #N/A | H109: =IFERROR(G109/F109,"-") -> -
B110: Online Video | C110: =IF(VLOOKUP(B110,'Summary Data'!$K$15:$AA$100,12,FALSE)=0,"-",VLOOKUP(B110,'Summary Data'!$K$15:$AA$100,12,FALSE)) -> #N/A | D110: =IF(VLOOKUP(B110,'Summary Data'!$K$15:$AA$100,3,FALSE)=0,"-",VLOOKUP(B110,'Summary Data'!$K$15:$AA$100,3,FALSE)) -> #N/A | E110: =IFERROR(D110/C110,"-") -> - | F110: =IF(VLOOKUP(B110,'Summary Data'!$K$15:$AA$100,13,FALSE)=0,"-",VLOOKUP(B110,'Summary Data'!$K$15:$AA$100,13,FALSE)) -> #N/A | G110: =IF(VLOOKUP(B110,'Summary Data'!$K$15:$AA$100,4,FALSE)=0,"-",VLOOKUP(B110,'Summary Data'!$K$15:$AA$100,4,FALSE)) -> #N/A | H110: =IFERROR(G110/F110,"-") -> -
B111: Display | C111: =IF(VLOOKUP(B111,'Summary Data'!$K$15:$AA$100,12,FALSE)=0,"-",VLOOKUP(B111,'Summary Data'!$K$15:$AA$100,12,FALSE)) -> #N/A | D111: =IF(VLOOKUP(B111,'Summary Data'!$K$15:$AA$100,3,FALSE)=0,"-",VLOOKUP(B111,'Summary Data'!$K$15:$AA$100,3,FALSE)) -> #N/A | E111: =IFERROR(D111/C111,"-") -> - | F111: =IF(VLOOKUP(B111,'Summary Data'!$K$15:$AA$100,13,FALSE)=0,"-",VLOOKUP(B111,'Summary Data'!$K$15:$AA$100,13,FALSE)) -> #N/A | G111: =IF(VLOOKUP(B111,'Summary Data'!$K$15:$AA$100,4,FALSE)=0,"-",VLOOKUP(B111,'Summary Data'!$K$15:$AA$100,4,FALSE)) -> #N/A | H111: =IFERROR(G111/F111,"-") -> -
